IDHidrometro,hid_imo_cod_inscricao,CVProcessado,QtdMedicoes,QtdOcorrencias,hid_imo_qtd_pontos_utilizacao,variacaoTendencia,vidaHidrometro,vidaInstalacao,predicao,proba_0,ESM_SEQ_ESPECIFICACAO_MEDIDOR,MED_NUM_VOLUME_CALCULADO,MED_NUM_VOLUME_MEDIDO,imo_bsk_imovel,geo_set_num_setor,geo_lge_dsc_localidade_prax,geo_lge_dsc_distrito_prax,geo_lge_dsc_municipio_prax,geo_uad_sgl_unidade_negocio,pim_dsc_padrao_imovel,sii_nom_situacao_imovel,sla_nom_situacao_lig_agua,provavel_mudanca
A00N321016,5375592,0.32228884,13,0,5,-0.14423077,19,10,0,0.5786,11,13.0,13.0,5375592,84,MARACANAU,MARACANAU,MARACANAU,UN-MTS,REGULAR,EM USO,1,1
A02S201271,6396526,0.18876311,13,0,1,0.01980198,17,9,0,0.5776,11,13.0,13.0,6396526,84,MARACANAU,MARACANAU,MARACANAU,UN-MTS,BASICO,EM USO,1,1
A03L015264,6929362,0.20342037,13,0,4,-0.15294118,16,10,0,0.597,11,10.0,10.0,6929362,84,MARACANAU,MARACANAU,MARACANAU,UN-MTS,REGULAR,EM USO,1,1
A03L147325,1826140,0.11444308,13,0,1,0.20454545,16,10,0,0.606,11,13.0,13.0,1826140,84,MARACANAU,MARACANAU,MARACANAU,UN-MTS,REGULAR,EM USO,1,1
A03S157863,14063107,0.17781846,26,0,7,-0.1,16,8,0,0.5625,11,9.0,9.0,14063107,84,MARACANAU,MARACANAU,MARACANAU,UN-MTS,ALTO,EM USO,1,1
A03S159205,6919693,0.08030201,13,1,6,-0.04761905,16,10,0,0.584,11,13.0,13.0,6919693,84,MARACANAU,MARACANAU,MARACANAU,UN-MTS,REGULAR,EM USO,1,1
A03S515061,8421897,0.40146416,13,4,4,0.09589041,16,10,0,0.594,11,10.0,10.0,8421897,84,MARACANAU,MARACANAU,MARACANAU,UN-MTS,BASICO,EM USO,1,1
A03S315629,6940277,0.32976687,13,3,1,0.6981132,16,10,0,0.6533,11,9.0,9.0,6940277,84,MARACANAU,MARACANAU,MARACANAU,UN-MTS,REGULAR,EM USO,1,1
A03S437566,5383773,0.17963548,13,0,2,-0.2413793,16,10,0,0.5894,11,9.0,9.0,5383773,84,MARACANAU,MARACANAU,MARACANAU,UN-MTS,BASICO,EM USO,1,1
A03S440580,7918070,0.15153535,13,0,3,0.035714287,16,10,0,0.621,11,15.0,15.0,7918070,84,MARACANAU,MARACANAU,MARACANAU,UN-MTS,BASICO,EM USO,1,1
A04L198305,9864008,0.30775782,13,0,3,-0.46979865,15,10,0,0.6143,11,14.0,14.0,9864008,84,MARACANAU,MARACANAU,MARACANAU,UN-MTS,REGULAR,EM USO,1,1
A03S552704,6919898,0.14234972,13,0,2,-0.224,16,9,0,0.597,11,13.0,13.0,6919898,84,MARACANAU,MARACANAU,MARACANAU,UN-MTS,BASICO,EM USO,1,1
A04L201661,5383382,0.16837004,26,0,7,-0.056818184,15,10,0,0.681,11,10.0,10.0,5383382,84,MARACANAU,MARACANAU,MARACANAU,UN-MTS,REGULAR,EM USO,1,1
A04S123587,7525664,0.17136624,13,0,6,0.2,15,8,0,0.6206,11,9.0,9.0,7525664,84,MARACANAU,MARACANAU,MARACANAU,UN-MTS,REGULAR,EM USO,1,1
A04L457934,7523726,0.117675684,13,0,4,-0.09615385,15,10,0,0.6367,11,13.0,13.0,7523726,84,MARACANAU,MARACANAU,MARACANAU,UN-MTS,REGULAR,EM USO,1,1
A04L454091,2584204,0.2575203,13,0,6,0.46153846,15,7,0,0.6016,11,13.0,13.0,2584204,84,MARACANAU,MARACANAU,MARACANAU,UN-MTS,REGULAR,EM USO,1,1
A04L725003,7522690,0.11150553,13,0,1,0.045045044,15,10,0,0.6167,11,14.0,14.0,7522690,84,MARACANAU,MARACANAU,MARACANAU,UN-MTS,REGULAR,EM USO,1,1
A04S040855,14086476,0.19372842,13,0,9,-0.1764706,15,8,0,0.619,11,13.0,13.0,14086476,84,MARACANAU,MARACANAU,MARACANAU,UN-MTS,REGULAR,EM USO,1,1
A04L721237,5382602,0.30429032,13,0,11,0.4385965,15,10,0,0.673,11,9.0,9.0,5382602,84,MARACANAU,MARACANAU,MARACANAU,UN-MTS,REGULAR,EM USO,1,1
A04S218896,7861850,0.5806986,13,3,5,0.0,15,8,0,0.5767,11,9.0,9.0,7861850,84,MARACANAU,MARACANAU,MARACANAU,UN-MTS,REGULAR,EM USO,1,1
A04S323187,10527427,0.1485384,13,0,4,0.091836736,15,8,0,0.622,11,13.0,13.0,10527427,84,MARACANAU,MARACANAU,MARACANAU,UN-MTS,REGULAR,EM USO,1,1
A04S329417,6918751,0.26805866,13,0,4,-0.41860464,15,8,0,0.617,11,10.0,10.0,6918751,84,MARACANAU,MARACANAU,MARACANAU,UN-MTS,BASICO,EM USO,1,1
A05F064419,6940471,0.8395601,13,0,3,0.90789473,14,10,0,0.636,11,9.0,9.0,6940471,84,MARACANAU,MARACANAU,MARACANAU,UN-MTS,REGULAR,EM USO,1,1
A05F105959,2098113,0.28374162,13,2,1,-0.1392405,14,10,0,0.6167,11,9.0,9.0,2098113,84,MARACANAU,MARACANAU,MARACANAU,UN-MTS,REGULAR,EM USO,1,1
A05F071348,6929273,0.1929182,13,0,4,0.04255319,14,10,0,0.6465,11,13.0,13.0,6929273,84,MARACANAU,MARACANAU,MARACANAU,UN-MTS,REGULAR,EM USO,1,1
A05F088081,5383994,0.22557868,13,1,3,0.06329114,14,10,0,0.6045,11,10.0,10.0,5383994,84,MARACANAU,MARACANAU,MARACANAU,UN-MTS,BASICO,EM USO,1,1
A05F086223,5368081,0.44264078,13,0,5,0.78571427,14,10,0,0.6445,11,13.0,13.0,5368081,84,MARACANAU,MARACANAU,MARACANAU,UN-MTS,REGULAR,EM USO,1,1
A05F122755,6621147,0.094211146,13,1,6,-0.08411215,14,10,0,0.6104,11,13.0,13.0,6621147,84,MARACANAU,MARACANAU,MARACANAU,UN-MTS,REGULAR,EM USO,1,1
A05F339026,5381282,0.4234568,13,5,1,-0.50537634,14,10,0,0.623,11,10.0,10.0,5381282,84,MARACANAU,MARACANAU,MARACANAU,UN-MTS,REGULAR,EM USO,1,1
A05F339329,6934935,0.30101565,13,0,15,0.42857143,14,10,0,0.6714,11,15.0,15.0,6934935,84,MARACANAU,MARACANAU,MARACANAU,UN-MTS,REGULAR,EM USO,1,1
A05L147431,9879579,0.20037259,13,0,5,0.04225352,14,6,0,0.602,11,10.0,10.0,9879579,84,MARACANAU,MARACANAU,MARACANAU,UN-MTS,BASICO,EM USO,1,1
A06F280124,7527950,0.1782836,13,0,6,-0.25892857,13,10,0,0.652,11,13.0,13.0,7527950,84,MARACANAU,MARACANAU,MARACANAU,UN-MTS,ALTO,EM USO,1,1
A06F313591,7875355,0.4524882,13,2,5,-0.41044775,13,6,0,0.604,11,15.0,15.0,7875355,84,MARACANAU,MARACANAU,MARACANAU,UN-MTS,BASICO,EM USO,1,1
A06F330000,5392136,0.30697563,13,0,3,-0.23863636,13,10,0,0.614,11,9.0,9.0,5392136,84,MARACANAU,MARACANAU,MARACANAU,UN-MTS,BASICO,EM USO,1,1
A06F395613,8279799,0.3710194,13,1,7,0.07575758,13,10,0,0.64,11,9.0,9.0,8279799,84,MARACANAU,MARACANAU,MARACANAU,UN-MTS,BASICO,EM USO,1,1
A06S519068,7495803,0.1314368,13,0,3,0.23364486,13,10,0,0.6826,11,15.0,15.0,7495803,84,MARACANAU,MARACANAU,MARACANAU,UN-MTS,REGULAR,EM USO,1,1
A06S700185,14035960,0.19582666,13,0,1,0.12307692,13,9,0,0.6245,11,9.0,9.0,14035960,84,MARACANAU,MARACANAU,MARACANAU,UN-MTS,REGULAR,EM USO,1,1
A07F225608,8517495,0.3288565,13,0,18,0.40677965,12,4,0,0.584,11,9.0,9.0,8517495,84,MARACANAU,MARACANAU,MARACANAU,UN-MTS,REGULAR,EM USO,1,1
A07F262438,7916094,0.14834972,13,0,4,0.23655914,12,10,0,0.676,11,14.0,14.0,7916094,84,MARACANAU,MARACANAU,MARACANAU,UN-MTS,REGULAR,EM USO,1,1
A07F306316,2121190,0.09834562,13,0,4,0.15625,12,10,0,0.6484,11,9.0,9.0,2121190,84,MARACANAU,MARACANAU,MARACANAU,UN-MTS,REGULAR,EM USO,1,1
A07F312497,7524854,0.23630579,13,0,5,0.46875,12,10,0,0.668,11,14.0,14.0,7524854,84,MARACANAU,MARACANAU,MARACANAU,UN-MTS,REGULAR,EM USO,1,1
A07F340322,5376050,0.1051098,13,0,5,0.056338027,12,11,0,0.624,11,9.0,9.0,5376050,84,MARACANAU,MARACANAU,MARACANAU,UN-MTS,REGULAR,EM USO,1,1
A07F344385,800449,0.044123612,13,11,4,0.23076923,12,11,0,0.5796,11,10.0,10.0,800449,84,MARACANAU,MARACANAU,MARACANAU,UN-MTS,BASICO,EM USO,1,1
A07S260387,2855992,0.45527148,13,0,3,0.025,12,4,0,0.5645,11,10.0,10.0,2855992,84,MARACANAU,MARACANAU,MARACANAU,UN-MTS,REGULAR,EM USO,1,1
A07S308642,5367166,0.10793824,13,0,6,0.11392405,12,5,0,0.582,11,10.0,10.0,5367166,84,MARACANAU,MARACANAU,MARACANAU,UN-MTS,REGULAR,EM USO,1,1
A07S356543,14085771,0.28193343,13,0,6,0.13157895,12,8,0,0.634,11,10.0,10.0,14085771,84,MARACANAU,MARACANAU,MARACANAU,UN-MTS,REGULAR,EM USO,1,1
A08F066248,9082522,0.06773163,13,0,4,0.01369863,11,6,0,0.553,11,9.0,9.0,9082522,84,MARACANAU,MARACANAU,MARACANAU,UN-MTS,BASICO,EM USO,1,1
A08F066765,2233983,0.1117722,13,0,4,0.0,11,11,0,0.606,11,10.0,10.0,2233983,84,MARACANAU,MARACANAU,MARACANAU,UN-MTS,BASICO,EM USO,1,1
A08F071570,5384265,0.08183049,13,0,5,-0.065789476,11,6,0,0.642,11,9.0,9.0,5384265,84,MARACANAU,MARACANAU,MARACANAU,UN-MTS,REGULAR,EM USO,1,1
A08F211583,10482792,0.63413495,13,3,8,-0.30645162,11,11,0,0.613,11,9.0,9.0,10482792,84,MARACANAU,MARACANAU,MARACANAU,UN-MTS,BASICO,EM USO,1,1
A08F234569,904872,1.2385049,13,4,5,0.56578946,11,10,0,0.5923,11,15.0,15.0,904872,84,MARACANAU,MARACANAU,MARACANAU,UN-MTS,REGULAR,EM USO,1,1
A08F346742,5333750,0.14422205,13,0,5,-0.175,11,4,0,0.575,11,9.0,9.0,5333750,84,MARACANAU,MARACANAU,MARACANAU,UN-MTS,REGULAR,EM USO,1,1
A08F400023,1843109,0.35050574,13,0,3,0.625,11,10,0,0.6226,11,13.0,13.0,1843109,84,MARACANAU,MARACANAU,MARACANAU,UN-MTS,BASICO,EM USO,1,1
A08F417110,9399470,0.25844315,13,0,12,0.27941176,11,5,0,0.6235,11,9.0,9.0,9399470,84,MARACANAU,MARACANAU,MARACANAU,UN-MTS,REGULAR,EM USO,1,1
A08F429301,5617120,0.34533438,13,0,6,0.9285714,11,11,0,0.6245,11,9.0,9.0,5617120,84,MARACANAU,MARACANAU,MARACANAU,UN-MTS,BASICO,EM USO,1,1
A08F470404,5389356,0.3609268,13,3,5,0.5409836,11,10,0,0.6367,11,9.0,9.0,5389356,84,MARACANAU,MARACANAU,MARACANAU,UN-MTS,BASICO,EM USO,1,1
A09F039636,5902436,0.25318485,13,0,3,-0.06122449,10,10,0,0.608,11,14.0,14.0,5902436,84,MARACANAU,MARACANAU,MARACANAU,UN-MTS,BASICO,EM USO,1,1
A08F497697,5398312,0.11654413,13,0,2,-0.069767445,11,10,0,0.6367,11,20.0,20.0,5398312,84,MARACANAU,MARACANAU,MARACANAU,UN-MTS,BASICO,EM USO,1,1
A09F053006,9820647,0.46999574,13,0,8,-0.17977528,10,5,0,0.574,11,10.0,10.0,9820647,84,MARACANAU,MARACANAU,MARACANAU,UN-MTS,REGULAR,EM USO,1,1
A09F059693,5917514,0.3300541,13,0,4,-0.3292683,10,10,0,0.601,11,9.0,9.0,5917514,84,MARACANAU,MARACANAU,MARACANAU,UN-MTS,REGULAR,EM USO,1,1
A09F097031,6617115,0.32738608,13,0,4,0.4528302,10,10,0,0.6445,11,9.0,9.0,6617115,84,MARACANAU,MARACANAU,MARACANAU,UN-MTS,BASICO,EM USO,1,1
A09F035342,5906997,0.110205844,13,0,3,-0.0625,10,10,0,0.641,11,13.0,13.0,5906997,84,MARACANAU,MARACANAU,MARACANAU,UN-MTS,BASICO,EM USO,1,1
A09F121948,5931070,0.13573517,13,0,3,-0.0875,10,10,0,0.6123,11,9.0,9.0,5931070,84,MARACANAU,MARACANAU,MARACANAU,UN-MTS,BASICO,EM USO,1,1
A09F042324,5901294,0.13253777,13,0,5,0.045045044,10,10,0,0.607,11,14.0,14.0,5901294,84,MARACANAU,MARACANAU,MARACANAU,UN-MTS,REGULAR,EM USO,1,1
A09F042881,1843826,0.11501411,13,0,3,-0.0754717,10,10,0,0.638,11,20.0,20.0,1843826,84,MARACANAU,MARACANAU,MARACANAU,UN-MTS,BASICO,EM USO,1,1
A09F158291,8436045,0.17407766,13,0,2,-0.14285715,10,10,0,0.6055,11,10.0,10.0,8436045,84,MARACANAU,MARACANAU,MARACANAU,UN-MTS,BASICO,EM USO,1,1
A09F163985,1828258,0.12234382,13,0,1,0.055555556,10,10,0,0.5923,11,14.0,14.0,1828258,84,MARACANAU,MARACANAU,MARACANAU,UN-MTS,BASICO,EM USO,1,1
A09F047383,10123768,0.09898956,13,0,3,0.050632913,10,5,0,0.5933,11,10.0,10.0,10123768,84,MARACANAU,MARACANAU,MARACANAU,UN-MTS,BASICO,EM USO,1,1
A09F041507,10247610,0.29447258,13,0,4,0.6296296,10,8,0,0.6426,11,20.0,20.0,10247610,84,MARACANAU,MARACANAU,MARACANAU,UN-MTS,REGULAR,EM USO,1,1
A09F060131,5917069,0.13558903,13,2,5,-0.18367347,10,10,0,0.5884,11,17.0,17.0,5917069,84,MARACANAU,MARACANAU,MARACANAU,UN-MTS,ALTO,EM USO,1,1
A09F082310,7915640,0.083631195,13,0,5,-0.017094018,10,10,0,0.6064,11,15.0,15.0,7915640,84,MARACANAU,MARACANAU,MARACANAU,UN-MTS,REGULAR,EM USO,1,1
A09F188657,2310856,0.09930727,13,0,4,-0.07476635,10,10,0,0.6484,11,13.0,13.0,2310856,84,MARACANAU,MARACANAU,MARACANAU,UN-MTS,BASICO,EM USO,1,1
A09F098887,5923760,0.22601649,13,0,1,-0.24242425,10,10,0,0.573,11,10.0,10.0,5923760,84,MARACANAU,MARACANAU,MARACANAU,UN-MTS,BASICO,EM USO,1,1
A09F123215,5928532,0.14124447,13,0,5,-0.08527132,10,10,0,0.6255,11,15.0,15.0,5928532,84,MARACANAU,MARACANAU,MARACANAU,UN-MTS,BASICO,EM USO,1,1
A09F123216,5928435,0.0851705,13,1,4,0.013157895,10,10,0,0.5625,11,10.0,10.0,5928435,84,MARACANAU,MARACANAU,MARACANAU,UN-MTS,REGULAR,EM USO,1,1
A09F157273,5392225,0.12315302,13,1,3,0.0,10,10,0,0.558,11,15.0,15.0,5392225,84,MARACANAU,MARACANAU,MARACANAU,UN-MTS,BASICO,EM USO,1,1
A09F119369,9103660,0.58123696,13,1,6,-0.76404494,10,6,0,0.616,11,10.0,10.0,9103660,84,MARACANAU,MARACANAU,MARACANAU,UN-MTS,REGULAR,EM USO,1,1
A09F126044,5931517,0.11530124,13,0,3,0.17475729,10,10,0,0.643,11,14.0,14.0,5931517,84,MARACANAU,MARACANAU,MARACANAU,UN-MTS,BASICO,EM USO,1,1
A09F163839,8117268,0.5483052,13,1,2,2.030303,10,10,0,0.6094,11,13.0,13.0,8117268,84,MARACANAU,MARACANAU,MARACANAU,UN-MTS,BASICO,EM USO,1,1
A09F187783,5879590,0.12965395,13,0,4,-0.16129032,10,10,0,0.623,11,15.0,15.0,5879590,84,MARACANAU,MARACANAU,MARACANAU,UN-MTS,REGULAR,EM USO,1,1
A09F191102,5955483,0.23678644,13,1,1,0.19,10,10,0,0.5757,11,13.0,13.0,5955483,84,MARACANAU,MARACANAU,MARACANAU,UN-MTS,BASICO,EM USO,1,1
A09F237877,5370175,0.4529612,13,1,4,1.2368422,10,10,0,0.625,11,9.0,9.0,5370175,84,MARACANAU,MARACANAU,MARACANAU,UN-MTS,BASICO,EM USO,1,1
A09F188287,8115320,0.28055212,13,0,4,0.02173913,10,10,0,0.591,11,10.0,10.0,8115320,84,MARACANAU,MARACANAU,MARACANAU,UN-MTS,BASICO,EM USO,1,1
A09F189959,9878416,0.1609621,13,0,3,0.073529415,10,10,0,0.603,11,9.0,9.0,9878416,84,MARACANAU,MARACANAU,MARACANAU,UN-MTS,BASICO,EM USO,1,1
A09F194878,5957613,0.2438537,13,0,1,-0.17391305,10,10,0,0.581,11,15.0,15.0,5957613,84,MARACANAU,MARACANAU,MARACANAU,UN-MTS,BASICO,EM USO,1,1
A09F212910,9871250,0.1201242,13,3,4,-0.04494382,10,10,0,0.5986,11,10.0,10.0,9871250,84,MARACANAU,MARACANAU,MARACANAU,UN-MTS,BASICO,EM USO,1,1
A09F208413,5962390,0.14834972,13,0,3,0.114583336,10,10,0,0.616,11,13.0,13.0,5962390,84,MARACANAU,MARACANAU,MARACANAU,UN-MTS,BASICO,EM USO,1,1
A09F237369,5335191,0.4208127,13,0,1,-0.06451613,10,10,0,0.603,11,9.0,9.0,5335191,84,MARACANAU,MARACANAU,MARACANAU,UN-MTS,BASICO,EM USO,1,1
A09F242193,5443318,0.2310797,13,1,1,0.32307693,10,10,0,0.5996,11,9.0,9.0,5443318,84,MARACANAU,MARACANAU,MARACANAU,UN-MTS,BASICO,EM USO,1,1
A09F241784,6007589,0.21043453,13,1,3,0.3882353,10,10,0,0.609,11,13.0,13.0,6007589,84,MARACANAU,MARACANAU,MARACANAU,UN-MTS,REGULAR,EM USO,1,1
A09F278422,6067824,0.13688561,13,0,3,-0.028301887,10,9,0,0.621,11,13.0,13.0,6067824,84,MARACANAU,MARACANAU,MARACANAU,UN-MTS,BASICO,EM USO,1,1
A10F003458,5123828,0.22410202,13,0,10,-0.31460676,9,9,0,0.6523,11,10.0,10.0,5123828,84,MARACANAU,MARACANAU,MARACANAU,UN-MTS,REGULAR,EM USO,1,1
A10F008169,6021280,0.32696056,13,0,1,0.5671642,9,9,0,0.6636,11,13.0,13.0,6021280,84,MARACANAU,MARACANAU,MARACANAU,UN-MTS,BASICO,EM USO,1,1
A10F008347,909858,0.7055244,13,0,1,4.5384617,9,9,0,0.6543,11,9.0,9.0,909858,84,MARACANAU,MARACANAU,MARACANAU,UN-MTS,REGULAR,EM USO,1,1
A10F008525,5379377,0.39203882,13,4,3,-0.6195652,9,9,0,0.654,11,10.0,10.0,5379377,84,MARACANAU,MARACANAU,MARACANAU,UN-MTS,BASICO,EM USO,1,1
A10F008526,1844415,0.075042404,13,0,3,0.07920792,9,9,0,0.643,11,13.0,13.0,1844415,84,MARACANAU,MARACANAU,MARACANAU,UN-MTS,REGULAR,EM USO,1,1
A09F306612,5370140,0.44843885,13,0,5,-0.6545454,10,9,0,0.6445,11,10.0,10.0,5370140,84,MARACANAU,MARACANAU,MARACANAU,UN-MTS,BASICO,EM USO,1,1
A09F316117,6100473,0.69777936,13,0,6,-0.046153847,10,9,0,0.6123,11,9.0,9.0,6100473,84,MARACANAU,MARACANAU,MARACANAU,UN-MTS,BASICO,EM USO,1,1
A09F321383,905640,0.28019246,13,2,7,-0.5648148,10,9,0,0.645,11,10.0,12.0,905640,84,MARACANAU,MARACANAU,MARACANAU,UN-MTS,ALTO,EM USO,1,1
A09F321380,907898,0.40933028,13,1,7,0.7818182,10,9,0,0.634,11,10.0,10.0,907898,84,MARACANAU,MARACANAU,MARACANAU,UN-MTS,ALTO,EM USO,1,1
A10F007286,8279772,0.32847345,13,0,4,-0.5,9,9,0,0.6616,11,13.0,13.0,8279772,84,MARACANAU,MARACANAU,MARACANAU,UN-MTS,REGULAR,EM USO,1,1
A10F061758,5880122,0.16046683,13,0,10,0.23880596,9,5,0,0.635,11,9.0,9.0,5880122,84,MARACANAU,MARACANAU,MARACANAU,UN-MTS,ALTO,EM USO,1,1
A10F061986,11105372,0.14481154,13,0,60,0.04411765,9,5,0,0.576,11,9.0,9.0,11105372,84,MARACANAU,MARACANAU,MARACANAU,UN-MTS,ALTO,EM USO,1,1
A10F014983,6139230,0.38547742,13,0,3,-0.25,9,9,0,0.631,11,14.0,14.0,6139230,84,MARACANAU,MARACANAU,MARACANAU,UN-MTS,REGULAR,EM USO,1,1
A10F018925,7528124,0.31491834,13,12,7,-0.25,9,9,0,0.6167,11,9.0,9.0,7528124,84,MARACANAU,MARACANAU,MARACANAU,UN-MTS,MEDIO,EM USO,1,1
A10F093061,6351360,0.5667735,13,1,6,-0.30985916,9,9,0,0.621,11,9.0,9.0,6351360,84,MARACANAU,MARACANAU,MARACANAU,UN-MTS,ALTO,EM USO,1,1
A10F037265,6098932,0.6452039,13,0,8,0.44262296,9,9,0,0.6694,11,9.0,9.0,6098932,84,MARACANAU,MARACANAU,MARACANAU,UN-MTS,ALTO,EM USO,1,1
A10F036862,6134475,0.34664303,13,0,5,-0.35643566,9,9,0,0.6313,11,10.0,10.0,6134475,84,MARACANAU,MARACANAU,MARACANAU,UN-MTS,REGULAR,EM USO,1,1
A10F050628,6127690,0.15364668,13,0,4,0.0,9,9,0,0.5986,11,15.0,15.0,6127690,84,MARACANAU,MARACANAU,MARACANAU,UN-MTS,BASICO,EM USO,1,1
A10F056988,6110614,0.15403876,13,0,4,-0.013888889,9,9,0,0.623,11,9.0,9.0,6110614,84,MARACANAU,MARACANAU,MARACANAU,UN-MTS,BASICO,EM USO,1,1
A10F058887,5390630,0.09721402,13,0,4,0.18421052,9,5,0,0.628,11,10.0,10.0,5390630,84,MARACANAU,MARACANAU,MARACANAU,UN-MTS,BASICO,EM USO,1,1
A10F137191,11107804,0.35913926,13,0,3,0.057971016,9,5,0,0.5913,11,9.0,9.0,11107804,84,MARACANAU,MARACANAU,MARACANAU,UN-MTS,BASICO,EM USO,1,1
A10F058631,11106336,0.109488234,13,0,2,-0.121212125,9,5,0,0.602,11,15.0,15.0,11106336,84,MARACANAU,MARACANAU,MARACANAU,UN-MTS,BASICO,EM USO,1,1
A10F060264,5768420,0.10350964,13,0,4,-0.13392857,9,5,0,0.6377,11,13.0,13.0,5768420,84,MARACANAU,MARACANAU,MARACANAU,UN-MTS,BASICO,EM USO,1,1
A10F093055,7847653,0.33322817,13,0,5,-0.24,9,9,0,0.6274,11,17.0,17.0,7847653,84,MARACANAU,MARACANAU,MARACANAU,UN-MTS,REGULAR,EM USO,1,1
A10F095417,6351255,0.2555772,13,0,3,-0.10650887,9,9,0,0.619,11,17.0,17.0,6351255,84,MARACANAU,MARACANAU,MARACANAU,UN-MTS,BASICO,EM USO,1,1
A10F093057,6351794,0.23773909,13,0,4,-0.3084112,9,9,0,0.629,11,10.0,10.0,6351794,84,MARACANAU,MARACANAU,MARACANAU,UN-MTS,REGULAR,EM USO,1,1
A10F114188,5333148,0.20739648,13,0,6,-0.11016949,9,9,0,0.628,11,14.0,14.0,5333148,84,MARACANAU,MARACANAU,MARACANAU,UN-MTS,REGULAR,EM USO,1,1
A10F131067,6144713,0.28676742,13,0,2,0.5888889,9,9,0,0.6577,11,13.0,13.0,6144713,84,MARACANAU,MARACANAU,MARACANAU,UN-MTS,BASICO,EM USO,1,1
A10F160134,9818952,0.13655123,13,0,10,-0.07317073,9,5,0,0.6333,11,10.0,10.0,9818952,84,MARACANAU,MARACANAU,MARACANAU,UN-MTS,ALTO,EM USO,1,1
A10F137194,9518207,0.09817917,13,0,8,-0.02739726,9,5,0,0.612,11,9.0,9.0,9518207,84,MARACANAU,MARACANAU,MARACANAU,UN-MTS,ALTO,EM USO,1,1
A10F160083,5879167,0.99488485,13,0,12,0.0,9,5,0,0.598,11,9.0,9.0,5879167,84,MARACANAU,MARACANAU,MARACANAU,UN-MTS,ALTO,EM USO,1,1
A10F136997,9937560,0.15201844,13,0,5,0.10810811,9,5,0,0.6206,11,10.0,10.0,9937560,84,MARACANAU,MARACANAU,MARACANAU,UN-MTS,BASICO,EM USO,1,1
A10F160089,5882117,0.09963793,13,0,12,0.011904762,9,5,0,0.5864,11,10.0,10.0,5882117,84,MARACANAU,MARACANAU,MARACANAU,UN-MTS,ALTO,EM USO,1,1
A10F160138,9819576,0.16008942,13,0,10,0.027272727,9,5,0,0.6006,11,14.0,14.0,9819576,84,MARACANAU,MARACANAU,MARACANAU,UN-MTS,ALTO,EM USO,1,1
A10F160142,9836977,0.23390982,13,0,10,-0.09411765,9,5,0,0.607,11,10.0,10.0,9836977,84,MARACANAU,MARACANAU,MARACANAU,UN-MTS,ALTO,EM USO,1,1
A10F253150,8515808,0.399588,13,0,18,1.5277778,9,4,0,0.5674,11,10.0,10.0,8515808,84,MARACANAU,MARACANAU,MARACANAU,UN-MTS,REGULAR,EM USO,1,1
A10F202347,9088164,0.18109593,13,0,1,-0.028169014,9,6,0,0.615,11,9.0,9.0,9088164,84,MARACANAU,MARACANAU,MARACANAU,UN-MTS,REGULAR,EM USO,1,1
A10F211608,9879790,0.31298172,13,3,1,0.36507937,9,9,0,0.6675,11,9.0,9.0,9879790,84,MARACANAU,MARACANAU,MARACANAU,UN-MTS,BASICO,EM USO,1,1
A10F208855,6381707,0.6189978,13,1,7,-0.22222222,9,9,0,0.6357,11,9.0,9.0,6381707,84,MARACANAU,MARACANAU,MARACANAU,UN-MTS,ALTO,EM USO,1,1
A10F210412,6384099,0.2282852,13,0,4,0.1388889,9,9,0,0.628,11,9.0,9.0,6384099,84,MARACANAU,MARACANAU,MARACANAU,UN-MTS,REGULAR,EM USO,1,1
A10F211872,6384722,0.10142285,13,0,3,-0.013333334,9,9,0,0.637,11,9.0,9.0,6384722,84,MARACANAU,MARACANAU,MARACANAU,UN-MTS,REGULAR,EM USO,1,1
A10F218349,14353920,0.22280635,13,0,4,-0.30588236,9,8,0,0.625,11,10.0,10.0,14353920,84,MARACANAU,MARACANAU,MARACANAU,UN-MTS,BASICO,EM USO,1,1
A10F520117,14367823,0.27743742,13,0,3,-0.17977528,9,8,0,0.6245,11,10.0,10.0,14367823,84,MARACANAU,MARACANAU,MARACANAU,UN-MTS,BASICO,EM USO,1,1
A10F256339,14357674,0.10365231,13,0,7,-0.056338027,9,8,0,0.6685,11,9.0,9.0,14357674,84,MARACANAU,MARACANAU,MARACANAU,UN-MTS,REGULAR,EM USO,1,1
A10F256925,14364964,0.14202584,13,0,3,-0.11290322,9,8,0,0.6265,11,14.0,14.0,14364964,84,MARACANAU,MARACANAU,MARACANAU,UN-MTS,BASICO,EM USO,1,1
A10F524312,14342359,0.23086178,13,0,7,-0.23376623,9,8,0,0.637,11,9.0,9.0,14342359,84,MARACANAU,MARACANAU,MARACANAU,UN-MTS,MEDIO,EM USO,1,1
A10F252245,14055864,0.38283512,13,0,2,-0.09615385,9,9,0,0.6304,11,14.0,14.0,14055864,84,MARACANAU,MARACANAU,MARACANAU,UN-MTS,BASICO,EM USO,1,1
A10F480355,5882109,0.2913026,13,0,1,-0.38650307,9,8,0,0.6353,11,14.0,14.0,5882109,84,MARACANAU,MARACANAU,MARACANAU,UN-MTS,REGULAR,EM USO,1,1
A10F257155,8055530,0.25251412,13,0,3,-0.055555556,9,8,0,0.622,11,10.0,10.0,8055530,84,MARACANAU,MARACANAU,MARACANAU,UN-MTS,BASICO,EM USO,1,1
A10F257844,1822730,0.11958344,13,0,6,0.050632913,9,8,0,0.641,11,10.0,10.0,1822730,84,MARACANAU,MARACANAU,MARACANAU,UN-MTS,MEDIO,EM USO,1,1
A10F484748,14082489,0.36789352,13,0,8,0.21621622,9,8,0,0.6914,11,9.0,9.0,14082489,84,MARACANAU,MARACANAU,MARACANAU,UN-MTS,REGULAR,EM USO,1,1
A10F481867,5879280,0.09045073,13,0,1,-0.12345679,9,8,0,0.6167,11,10.0,10.0,5879280,84,MARACANAU,MARACANAU,MARACANAU,UN-MTS,REGULAR,EM USO,1,1
A10F481868,14365286,0.47402325,13,0,5,-0.17117117,9,8,0,0.6323,11,9.0,9.0,14365286,84,MARACANAU,MARACANAU,MARACANAU,UN-MTS,REGULAR,EM USO,1,1
A10F550584,14356147,0.46880487,13,0,4,-0.4122807,9,8,0,0.6597,11,10.0,10.0,14356147,84,MARACANAU,MARACANAU,MARACANAU,UN-MTS,BASICO,EM USO,1,1
A10F510651,5380731,0.36631733,13,2,6,0.2580645,9,4,0,0.571,11,13.0,13.0,5380731,84,MARACANAU,MARACANAU,MARACANAU,UN-MTS,REGULAR,EM USO,1,1
A10F511200,687758,0.13250865,13,0,3,-0.10569106,9,8,0,0.6265,11,15.0,15.0,687758,84,MARACANAU,MARACANAU,MARACANAU,UN-MTS,REGULAR,EM USO,1,1
A10F513814,2719479,0.13160472,13,0,10,0.104166664,9,8,0,0.6646,11,13.0,13.0,2719479,84,MARACANAU,MARACANAU,MARACANAU,UN-MTS,REGULAR,EM USO,1,1
A10F520126,14360306,0.116299465,13,0,1,-0.09589041,9,8,0,0.626,11,9.0,9.0,14360306,84,MARACANAU,MARACANAU,MARACANAU,UN-MTS,BASICO,EM USO,1,1
A10F516674,14363941,0.3584302,13,0,1,-0.114583336,9,8,0,0.6016,11,14.0,14.0,14363941,84,MARACANAU,MARACANAU,MARACANAU,UN-MTS,REGULAR,EM USO,1,1
A10F524311,14338807,0.15435603,13,0,7,0.14084508,9,8,0,0.651,11,9.0,9.0,14338807,84,MARACANAU,MARACANAU,MARACANAU,UN-MTS,ALTO,EM USO,1,1
A10F550343,14367122,0.091905236,13,0,4,0.115384616,9,8,0,0.668,11,10.0,10.0,14367122,84,MARACANAU,MARACANAU,MARACANAU,UN-MTS,BASICO,EM USO,1,1
A10F550503,14357852,0.20968151,13,0,1,0.22727273,9,8,0,0.6284,11,9.0,9.0,14357852,84,MARACANAU,MARACANAU,MARACANAU,UN-MTS,REGULAR,EM USO,1,1
A10F544548,6911897,0.49161872,13,0,4,-0.04225352,9,8,0,0.6235,11,9.0,9.0,6911897,84,MARACANAU,MARACANAU,MARACANAU,UN-MTS,REGULAR,EM USO,1,1
A10F557111,14340291,0.105200335,13,0,1,-0.11764706,9,8,0,0.6294,11,10.0,10.0,14340291,84,MARACANAU,MARACANAU,MARACANAU,UN-MTS,BASICO,EM USO,1,1
A10F560728,14364972,0.20048161,13,0,7,-0.20895523,9,8,0,0.6494,11,9.0,9.0,14364972,84,MARACANAU,MARACANAU,MARACANAU,UN-MTS,MEDIO,EM USO,1,1
A10F559422,5367581,0.1111844,13,0,3,-0.125,9,8,0,0.6514,11,18.0,18.0,5367581,84,MARACANAU,MARACANAU,MARACANAU,UN-MTS,REGULAR,EM USO,1,1
A10F561057,7916540,0.1076284,13,0,3,-0.012048192,9,8,0,0.6387,11,10.0,10.0,7916540,84,MARACANAU,MARACANAU,MARACANAU,UN-MTS,BASICO,EM USO,1,1
A10F561918,14365766,0.31346694,13,0,2,0.4814815,9,8,0,0.6694,11,9.0,9.0,14365766,84,MARACANAU,MARACANAU,MARACANAU,UN-MTS,BASICO,EM USO,1,1
A10F560848,5389895,0.26148766,13,0,1,-0.18181819,9,8,0,0.605,11,9.0,9.0,5389895,84,MARACANAU,MARACANAU,MARACANAU,UN-MTS,BASICO,EM USO,1,1
A10F560973,14341549,0.15325437,13,0,4,0.12162162,9,8,0,0.6514,11,9.0,9.0,14341549,84,MARACANAU,MARACANAU,MARACANAU,UN-MTS,BASICO,EM USO,1,1
A10F559840,14367521,0.5701779,13,2,4,-0.015625,9,8,0,0.609,11,9.0,9.0,14367521,84,MARACANAU,MARACANAU,MARACANAU,UN-MTS,BASICO,EM USO,1,1
A11F187450,5992990,0.24418865,26,0,3,0.375,8,8,0,0.728,11,9.0,9.0,5992990,84,MARACANAU,MARACANAU,MARACANAU,UN-MTS,BASICO,EM USO,1,1
A11F223763,10232230,0.12927017,13,9,3,0.04347826,8,7,0,0.6274,11,9.0,9.0,10232230,84,MARACANAU,MARACANAU,MARACANAU,UN-MTS,BASICO,EM USO,1,1
A11F224631,5367573,0.14058225,13,0,4,-0.06410257,8,7,0,0.639,11,10.0,10.0,5367573,84,MARACANAU,MARACANAU,MARACANAU,UN-MTS,REGULAR,EM USO,1,1
A11F186508,2846438,0.12927017,26,0,3,-0.014285714,8,8,0,0.736,11,9.0,9.0,2846438,84,MARACANAU,MARACANAU,MARACANAU,UN-MTS,BASICO,EM USO,1,1
A11F187131,6094449,0.21213204,26,0,5,0.25,8,8,0,0.7266,11,10.0,10.0,6094449,84,MARACANAU,MARACANAU,MARACANAU,UN-MTS,ALTO,EM USO,1,1
A11F187148,10629394,0.124518156,26,0,4,-0.18421052,8,7,0,0.6357,11,9.0,9.0,10629394,84,MARACANAU,MARACANAU,MARACANAU,UN-MTS,REGULAR,EM USO,1,1
A11F188264,14408279,0.31346694,13,0,10,-0.20833333,8,8,0,0.6616,11,9.0,9.0,14408279,84,MARACANAU,MARACANAU,MARACANAU,UN-MTS,MEDIO,EM USO,1,1
A11F187146,8680515,0.091275945,13,0,4,-0.012987013,8,8,0,0.63,11,10.0,10.0,8680515,84,MARACANAU,MARACANAU,MARACANAU,UN-MTS,BASICO,EM USO,1,1
A11F187995,14069873,0.11145935,13,0,4,-0.09259259,8,8,0,0.647,11,13.0,13.0,14069873,84,MARACANAU,MARACANAU,MARACANAU,UN-MTS,BASICO,EM USO,1,1
A11F187451,5996503,0.12484675,26,0,3,-0.033707865,8,8,0,0.735,11,10.0,10.0,5996503,84,MARACANAU,MARACANAU,MARACANAU,UN-MTS,BASICO,EM USO,1,1
A11F187294,5379911,0.15156202,26,1,3,0.118421055,8,8,0,0.723,11,10.0,10.0,5379911,84,MARACANAU,MARACANAU,MARACANAU,UN-MTS,BASICO,EM USO,1,1
A11F187990,6946380,0.40331414,13,0,4,0.24285714,8,8,0,0.6626,11,10.0,10.0,6946380,84,MARACANAU,MARACANAU,MARACANAU,UN-MTS,REGULAR,EM USO,1,1
A11F187321,6201130,0.14798152,26,0,1,0.030303031,8,7,0,0.631,11,9.0,9.0,6201130,84,MARACANAU,MARACANAU,MARACANAU,UN-MTS,BASICO,EM USO,1,1
A11F187994,6928773,0.0772247,13,0,4,0.0,8,8,0,0.6133,11,15.0,15.0,6928773,84,MARACANAU,MARACANAU,MARACANAU,UN-MTS,BASICO,EM USO,1,1
A11F292615,7977492,0.35896614,13,0,2,-0.27102804,8,7,0,0.607,11,10.0,10.0,7977492,84,MARACANAU,MARACANAU,MARACANAU,UN-MTS,REGULAR,EM USO,1,1
A11F292897,8117381,0.14860873,13,0,1,0.25,8,7,0,0.6387,11,10.0,10.0,8117381,84,MARACANAU,MARACANAU,MARACANAU,UN-MTS,REGULAR,EM USO,1,1
A11F293741,5336473,0.1729639,13,9,3,-0.3875,8,7,0,0.633,11,10.0,10.0,5336473,84,MARACANAU,MARACANAU,MARACANAU,UN-MTS,ALTO,EM USO,1,1
A11F224121,6248373,0.14270738,13,0,8,-0.05952381,8,7,0,0.645,11,10.0,10.0,6248373,84,MARACANAU,MARACANAU,MARACANAU,UN-MTS,ALTO,EM USO,1,1
A11F225223,5880823,0.17136624,26,0,4,0.06557377,8,7,0,0.6313,11,9.0,9.0,5880823,84,MARACANAU,MARACANAU,MARACANAU,UN-MTS,BASICO,EM USO,1,1
A11F224830,6248403,0.5112859,13,0,8,1.4848485,8,7,0,0.6255,11,10.0,10.0,6248403,84,MARACANAU,MARACANAU,MARACANAU,UN-MTS,ALTO,EM USO,1,1
A11F224618,6169856,0.13540064,13,0,4,0.125,8,7,0,0.6343,11,10.0,10.0,6169856,84,MARACANAU,MARACANAU,MARACANAU,UN-MTS,BASICO,EM USO,1,1
A11F225132,10184317,0.3478863,13,0,11,-0.4065934,8,7,0,0.65,11,9.0,9.0,10184317,84,MARACANAU,MARACANAU,MARACANAU,UN-MTS,MEDIO,EM USO,1,1
A11F228793,14086310,0.19606388,13,0,1,-0.28125,8,5,0,0.592,11,10.0,10.0,14086310,84,MARACANAU,MARACANAU,MARACANAU,UN-MTS,BASICO,EM USO,1,1
A11F223309,10263667,0.21912274,13,3,5,0.15151516,8,7,0,0.624,11,9.0,9.0,10263667,84,MARACANAU,MARACANAU,MARACANAU,UN-MTS,MEDIO,EM USO,1,1
A11F223056,6201741,0.3135517,13,0,11,-0.26190478,8,7,0,0.6455,11,9.0,9.0,6201741,84,MARACANAU,MARACANAU,MARACANAU,UN-MTS,REGULAR,EM USO,1,1
A11F223310,10239677,0.10097563,13,0,5,0.1632653,8,7,0,0.637,11,13.0,13.0,10239677,84,MARACANAU,MARACANAU,MARACANAU,UN-MTS,ALTO,EM USO,1,1
A11F225133,10184384,0.13171446,13,0,5,-0.050847456,8,7,0,0.633,11,14.0,14.0,10184384,84,MARACANAU,MARACANAU,MARACANAU,UN-MTS,BASICO,EM USO,1,1
A11F225230,10762647,0.13838291,13,0,5,-0.084337346,8,7,0,0.636,11,10.0,10.0,10762647,84,MARACANAU,MARACANAU,MARACANAU,UN-MTS,REGULAR,EM USO,1,1
A11F223183,5376661,0.16779223,13,0,6,0.0,8,7,0,0.601,11,9.0,9.0,5376661,84,MARACANAU,MARACANAU,MARACANAU,UN-MTS,REGULAR,EM USO,1,1
A11F224632,6209467,0.13368498,13,0,4,0.28070176,8,7,0,0.653,11,9.0,9.0,6209467,84,MARACANAU,MARACANAU,MARACANAU,UN-MTS,REGULAR,EM USO,1,1
A11F254064,10179240,0.2535424,13,0,3,0.509434,8,7,0,0.632,11,9.0,9.0,10179240,84,MARACANAU,MARACANAU,MARACANAU,UN-MTS,BASICO,EM USO,1,1
A11F328367,10249869,0.18658541,13,0,5,-0.185567,8,7,0,0.6406,11,10.0,10.0,10249869,84,MARACANAU,MARACANAU,MARACANAU,UN-MTS,BASICO,EM USO,1,1
A11F291878,10290591,0.17556219,13,0,1,-0.27433628,8,7,0,0.6226,11,13.0,13.0,10290591,84,MARACANAU,MARACANAU,MARACANAU,UN-MTS,REGULAR,EM USO,1,1
A11F293583,5381304,0.5158501,13,0,1,-0.033707865,8,7,0,0.6147,11,10.0,10.0,5381304,84,MARACANAU,MARACANAU,MARACANAU,UN-MTS,REGULAR,EM USO,1,1
A11F292595,10198024,0.23075528,13,0,4,0.14084508,8,7,0,0.616,11,10.0,10.0,10198024,84,MARACANAU,MARACANAU,MARACANAU,UN-MTS,BASICO,EM USO,1,1
A11F292815,5882010,0.113301195,13,0,3,0.20634921,8,7,0,0.648,11,9.0,9.0,5882010,84,MARACANAU,MARACANAU,MARACANAU,UN-MTS,BASICO,EM USO,1,1
A11F292598,14385635,0.6760771,13,0,1,4.9130435,8,7,0,0.6523,11,13.0,13.0,14385635,84,MARACANAU,MARACANAU,MARACANAU,UN-MTS,MEDIO,EM USO,1,1
A11F292599,10192476,0.10971343,13,0,8,-0.1125,8,7,0,0.64,11,9.0,9.0,10192476,84,MARACANAU,MARACANAU,MARACANAU,UN-MTS,ALTO,EM USO,1,1
A11F292614,5398762,0.075042404,13,0,6,0.06,8,7,0,0.6196,11,13.0,13.0,5398762,84,MARACANAU,MARACANAU,MARACANAU,UN-MTS,REGULAR,EM USO,1,1
A11F293158,10186387,0.10466202,13,0,7,0.068627454,8,7,0,0.616,11,13.0,13.0,10186387,84,MARACANAU,MARACANAU,MARACANAU,UN-MTS,REGULAR,EM USO,1,1
A11N238251,14063468,0.14719601,13,0,5,-0.069767445,8,8,0,0.6216,11,10.0,10.0,14063468,84,MARACANAU,MARACANAU,MARACANAU,UN-MTS,BASICO,EM USO,1,1
A11F292705,10217010,0.25576702,13,0,6,-0.125,8,7,0,0.62,11,9.0,9.0,10217010,84,MARACANAU,MARACANAU,MARACANAU,UN-MTS,REGULAR,EM USO,1,1
A11F292746,10222235,0.12416847,13,0,5,0.27586207,8,7,0,0.6606,11,9.0,9.0,10222235,84,MARACANAU,MARACANAU,MARACANAU,UN-MTS,BASICO,EM USO,1,1
A11F293681,9864482,0.1182906,13,0,1,-0.014814815,8,7,0,0.6113,11,17.0,17.0,9864482,84,MARACANAU,MARACANAU,MARACANAU,UN-MTS,BASICO,EM USO,1,1
A11N318196,14392160,0.3008903,13,0,11,-0.15068494,8,8,0,0.661,11,9.0,9.0,14392160,84,MARACANAU,MARACANAU,MARACANAU,UN-MTS,REGULAR,EM USO,1,1
A11F328831,10081070,0.09467906,13,0,5,0.0125,8,7,0,0.633,11,10.0,10.0,10081070,84,MARACANAU,MARACANAU,MARACANAU,UN-MTS,REGULAR,EM USO,1,1
A11F327933,10275894,0.078850985,13,0,4,-0.0952381,8,7,0,0.633,11,10.0,10.0,10275894,84,MARACANAU,MARACANAU,MARACANAU,UN-MTS,REGULAR,EM USO,1,1
A11F327984,14388383,0.17182733,13,0,6,0.14705883,8,7,0,0.634,11,9.0,9.0,14388383,84,MARACANAU,MARACANAU,MARACANAU,UN-MTS,REGULAR,EM USO,1,1
A11N322446,14404214,0.07537564,13,0,1,0.064935066,8,8,0,0.6035,11,10.0,10.0,14404214,84,MARACANAU,MARACANAU,MARACANAU,UN-MTS,REGULAR,EM USO,1,1
A11N323105,6060196,0.19658197,13,0,4,0.22950819,8,8,0,0.649,11,9.0,9.0,6060196,84,MARACANAU,MARACANAU,MARACANAU,UN-MTS,BASICO,EM USO,1,1
A11N233913,14371707,0.35183063,13,0,7,-0.4935065,8,8,0,0.669,11,9.0,9.0,14371707,84,MARACANAU,MARACANAU,MARACANAU,UN-MTS,MEDIO,EM USO,1,1
A11N233917,14371600,0.0914137,13,0,7,0.0,8,8,0,0.619,11,14.0,14.0,14371600,84,MARACANAU,MARACANAU,MARACANAU,UN-MTS,MEDIO,EM USO,1,1
A11N236244,14378035,0.13783081,13,0,7,-0.16470589,8,8,0,0.6494,11,9.0,9.0,14378035,84,MARACANAU,MARACANAU,MARACANAU,UN-MTS,MEDIO,EM USO,1,1
A11N235878,14375206,0.13944852,13,0,15,-0.025641026,8,8,0,0.6255,11,9.0,9.0,14375206,84,MARACANAU,MARACANAU,MARACANAU,UN-MTS,REGULAR,EM USO,1,1
A11N329285,10214836,0.44050545,13,3,2,0.6923077,8,8,0,0.6494,11,10.0,10.0,10214836,84,MARACANAU,MARACANAU,MARACANAU,UN-MTS,REGULAR,EM USO,1,1
A11N235439,9879129,0.2581989,13,0,1,-0.15,8,8,0,0.607,11,9.0,9.0,9879129,84,MARACANAU,MARACANAU,MARACANAU,UN-MTS,BASICO,EM USO,1,1
A11N236241,5879698,0.5501323,13,2,15,0.5964912,8,8,0,0.641,11,9.0,9.0,5879698,84,MARACANAU,MARACANAU,MARACANAU,UN-MTS,REGULAR,EM USO,1,1
A11N236243,14378906,0.42260855,13,0,2,-0.17105263,8,8,0,0.627,11,9.0,9.0,14378906,84,MARACANAU,MARACANAU,MARACANAU,UN-MTS,BASICO,EM USO,1,1
A11N247312,5376629,0.663982,13,2,3,-0.84210527,8,7,0,0.6206,11,10.0,10.0,5376629,84,MARACANAU,MARACANAU,MARACANAU,UN-MTS,BASICO,EM USO,1,1
A11N246292,14396076,0.20757653,13,0,6,0.12582782,8,8,0,0.62,11,18.0,18.0,14396076,84,MARACANAU,MARACANAU,MARACANAU,UN-MTS,REGULAR,EM USO,1,1
A11N239540,14384892,0.25059235,13,0,7,-0.05263158,8,8,0,0.6445,11,10.0,10.0,14384892,84,MARACANAU,MARACANAU,MARACANAU,UN-MTS,BASICO,EM USO,1,1
A11N235643,5387868,0.3333739,13,0,2,0.0,8,8,0,0.6074,11,9.0,9.0,5387868,84,MARACANAU,MARACANAU,MARACANAU,UN-MTS,REGULAR,EM USO,1,1
A11N236247,14379503,0.27610418,13,0,4,0.6111111,8,8,0,0.6387,11,10.0,10.0,14379503,84,MARACANAU,MARACANAU,MARACANAU,UN-MTS,REGULAR,EM USO,1,1
A11N314097,14401533,0.21990535,13,0,5,0.15730338,8,8,0,0.618,11,13.0,13.0,14401533,84,MARACANAU,MARACANAU,MARACANAU,UN-MTS,BASICO,EM USO,1,1
A11N251475,9866620,0.20629123,13,0,4,-0.027777778,8,8,0,0.6133,11,9.0,9.0,9866620,84,MARACANAU,MARACANAU,MARACANAU,UN-MTS,BASICO,EM USO,1,1
A11N315202,6635210,0.094211146,13,0,4,-0.01923077,8,8,0,0.629,11,13.0,13.0,6635210,84,MARACANAU,MARACANAU,MARACANAU,UN-MTS,BASICO,EM USO,1,1
A11N317005,14375222,0.6309898,13,4,1,0.10666667,8,8,0,0.627,11,10.0,10.0,14375222,84,MARACANAU,MARACANAU,MARACANAU,UN-MTS,REGULAR,EM USO,1,1
A11N248900,14406322,0.11432829,13,0,1,-0.028301887,8,8,0,0.624,11,14.0,14.0,14406322,84,MARACANAU,MARACANAU,MARACANAU,UN-MTS,VAGO,EM USO,1,1
A11N247331,14387247,0.13838291,13,0,6,-0.083333336,8,8,0,0.627,11,10.0,10.0,14387247,84,MARACANAU,MARACANAU,MARACANAU,UN-MTS,REGULAR,EM USO,1,1
A11N248411,10278559,0.5433176,13,0,4,2.3939395,8,8,0,0.621,11,13.0,13.0,10278559,84,MARACANAU,MARACANAU,MARACANAU,UN-MTS,REGULAR,EM USO,1,1
A11N250963,14378736,0.54561484,13,0,5,0.671875,8,8,0,0.6465,11,13.0,13.0,14378736,84,MARACANAU,MARACANAU,MARACANAU,UN-MTS,BASICO,EM USO,1,1
A11N318497,14390361,0.19868219,13,0,2,0.10606061,8,8,0,0.6284,11,9.0,9.0,14390361,84,MARACANAU,MARACANAU,MARACANAU,UN-MTS,BASICO,EM USO,1,1
A11N321445,14403951,0.12621617,13,0,4,0.0875,8,8,0,0.6304,11,10.0,10.0,14403951,84,MARACANAU,MARACANAU,MARACANAU,UN-MTS,REGULAR,EM USO,1,1
A11N322423,5370167,0.15806286,13,0,5,-0.16666667,8,8,0,0.6274,11,9.0,9.0,5370167,84,MARACANAU,MARACANAU,MARACANAU,UN-MTS,BASICO,EM USO,1,1
A11N321447,14405270,0.4678337,13,1,2,0.90909094,8,8,0,0.6426,11,9.0,9.0,14405270,84,MARACANAU,MARACANAU,MARACANAU,UN-MTS,BASICO,EM USO,1,1
A11N303515,14404125,0.14586894,13,0,1,-0.20731707,8,8,0,0.608,11,10.0,10.0,14404125,84,MARACANAU,MARACANAU,MARACANAU,UN-MTS,BASICO,EM USO,1,1
A11N321280,9868011,0.2898334,13,3,4,-0.4351852,8,8,0,0.6294,11,9.0,9.0,9868011,84,MARACANAU,MARACANAU,MARACANAU,UN-MTS,REGULAR,EM USO,1,1
A11N320376,14373858,0.4738332,13,1,2,0.35820895,8,8,0,0.664,11,9.0,9.0,14373858,84,MARACANAU,MARACANAU,MARACANAU,UN-MTS,REGULAR,EM USO,1,1
A11N314973,14394464,0.1756821,13,0,7,-0.22222222,8,8,0,0.6504,11,9.0,9.0,14394464,84,MARACANAU,MARACANAU,MARACANAU,UN-MTS,ALTO,EM USO,1,1
A11N315087,14394642,0.1540991,13,0,2,0.083333336,8,8,0,0.6113,11,10.0,10.0,14394642,84,MARACANAU,MARACANAU,MARACANAU,UN-MTS,BASICO,EM USO,1,1
A11N315562,14372967,0.19241622,13,0,1,0.056338027,8,8,0,0.6006,11,10.0,10.0,14372967,84,MARACANAU,MARACANAU,MARACANAU,UN-MTS,REGULAR,EM USO,1,1
A12F036707,5882419,0.34501573,13,0,7,0.43076923,7,7,0,0.6255,11,9.0,9.0,5882419,84,MARACANAU,MARACANAU,MARACANAU,UN-MTS,MEDIO,EM USO,1,1
A12F143625,6293883,0.5570118,13,2,6,-0.31506848,7,7,0,0.6035,11,10.0,10.0,6293883,84,MARACANAU,MARACANAU,MARACANAU,UN-MTS,ALTO,EM USO,1,1
A12F144301,6564534,0.2874066,13,0,5,-0.21621622,7,7,0,0.611,11,9.0,9.0,6564534,84,MARACANAU,MARACANAU,MARACANAU,UN-MTS,BASICO,EM USO,1,1
A12F144307,7523084,0.08746496,13,0,1,0.028571429,7,7,0,0.5986,11,9.0,9.0,7523084,84,MARACANAU,MARACANAU,MARACANAU,UN-MTS,BASICO,EM USO,1,1
A12F144443,6257810,0.18287945,13,0,2,-0.27906978,7,7,0,0.6187,11,10.0,10.0,6257810,84,MARACANAU,MARACANAU,MARACANAU,UN-MTS,BASICO,EM USO,1,1
A12F144673,6331050,0.16832508,13,0,5,-0.21428572,7,7,0,0.632,11,10.0,10.0,6331050,84,MARACANAU,MARACANAU,MARACANAU,UN-MTS,MEDIO,EM USO,1,1
A12F144808,5881951,0.1165733,13,0,7,-0.07317073,7,7,0,0.6304,11,10.0,10.0,5881951,84,MARACANAU,MARACANAU,MARACANAU,UN-MTS,BASICO,EM USO,1,1
A12F037322,6310044,0.16832508,13,0,4,0.10526316,7,7,0,0.636,11,10.0,10.0,6310044,84,MARACANAU,MARACANAU,MARACANAU,UN-MTS,BASICO,EM USO,1,1
A12F036147,6313043,0.29459628,13,0,9,-0.2,7,7,0,0.6206,11,9.0,9.0,6313043,84,MARACANAU,MARACANAU,MARACANAU,UN-MTS,ALTO,EM USO,1,1
A12F036025,6313779,0.32990485,13,0,5,0.53061223,7,7,0,0.6377,11,18.0,18.0,6313779,84,MARACANAU,MARACANAU,MARACANAU,UN-MTS,BASICO,EM USO,1,1
A12F099409,6256317,0.13380991,13,0,3,-0.17721519,7,7,0,0.622,11,9.0,9.0,6256317,84,MARACANAU,MARACANAU,MARACANAU,UN-MTS,BASICO,EM USO,1,1
A12F098749,8084149,0.15350038,13,0,1,0.0,7,7,0,0.5825,11,9.0,9.0,8084149,84,MARACANAU,MARACANAU,MARACANAU,UN-MTS,BASICO,EM USO,1,1
A12F181728,5399491,0.1765646,13,0,8,0.077922076,7,7,0,0.613,11,10.0,10.0,5399491,84,MARACANAU,MARACANAU,MARACANAU,UN-MTS,REGULAR,EM USO,1,1
A12F182074,6622097,0.37771833,13,1,6,-0.278481,7,7,0,0.619,11,10.0,10.0,6622097,84,MARACANAU,MARACANAU,MARACANAU,UN-MTS,REGULAR,EM USO,1,1
A12F099009,6294316,0.5103072,13,0,4,1.3488373,7,7,0,0.614,11,9.0,9.0,6294316,84,MARACANAU,MARACANAU,MARACANAU,UN-MTS,BASICO,EM USO,1,1
A12F097614,6313108,0.42297253,13,0,6,0.5,7,7,0,0.6294,11,9.0,9.0,6313108,84,MARACANAU,MARACANAU,MARACANAU,UN-MTS,ALTO,EM USO,1,1
A12F098142,6305040,0.09817917,13,0,5,0.1641791,7,7,0,0.631,11,9.0,9.0,6305040,84,MARACANAU,MARACANAU,MARACANAU,UN-MTS,REGULAR,EM USO,1,1
A12F098270,9870482,0.14344382,13,0,0,-0.05479452,7,7,0,0.6265,11,9.0,9.0,9870482,84,MARACANAU,MARACANAU,MARACANAU,UN-MTS,BASICO,EM USO,1,1
A12F097620,6303170,0.13540064,13,0,7,0.06666667,7,7,0,0.605,11,10.0,10.0,6303170,84,MARACANAU,MARACANAU,MARACANAU,UN-MTS,ALTO,EM USO,1,1
A12F099101,6300502,0.30994326,13,0,1,0.14893617,7,7,0,0.626,11,13.0,13.0,6300502,84,MARACANAU,MARACANAU,MARACANAU,UN-MTS,ALTO,EM USO,1,1
A12F143885,6308996,0.22766985,13,0,1,0.06666667,7,7,0,0.5884,11,10.0,10.0,6308996,84,MARACANAU,MARACANAU,MARACANAU,UN-MTS,BASICO,EM USO,1,1
A12F144598,6331734,0.6225964,13,0,4,5.4444447,7,7,0,0.617,11,14.0,14.0,6331734,84,MARACANAU,MARACANAU,MARACANAU,UN-MTS,BASICO,EM USO,1,1
A12F144800,6303676,0.23782843,13,0,1,-0.3258427,7,7,0,0.599,11,10.0,10.0,6303676,84,MARACANAU,MARACANAU,MARACANAU,UN-MTS,REGULAR,EM USO,1,1
A12F144801,6666892,0.17691125,13,0,5,0.15277778,7,7,0,0.6294,11,10.0,10.0,6666892,84,MARACANAU,MARACANAU,MARACANAU,UN-MTS,BASICO,EM USO,1,1
A12F143462,6531644,0.14289847,13,0,3,-0.01980198,7,7,0,0.62,11,13.0,13.0,6531644,84,MARACANAU,MARACANAU,MARACANAU,UN-MTS,BASICO,EM USO,1,1
A12F222855,6687830,0.19606388,13,0,12,-0.27083334,7,7,0,0.644,11,10.0,10.0,6687830,84,MARACANAU,MARACANAU,MARACANAU,UN-MTS,REGULAR,EM USO,1,1
A12F223387,6785697,0.077491105,13,5,4,-0.074074075,7,7,0,0.6045,11,10.0,10.0,6785697,84,MARACANAU,MARACANAU,MARACANAU,UN-MTS,REGULAR,EM USO,1,1
A12F144803,8563535,0.606297,13,0,3,2.2173913,7,7,0,0.6143,11,9.0,9.0,8563535,84,MARACANAU,MARACANAU,MARACANAU,UN-MTS,BASICO,EM USO,1,1
A12F143449,7778724,0.23953265,13,0,5,0.16901408,7,6,0,0.605,11,9.0,9.0,7778724,84,MARACANAU,MARACANAU,MARACANAU,UN-MTS,BASICO,EM USO,1,1
A12F144190,6331041,0.14860873,13,0,5,0.2647059,7,7,0,0.657,11,10.0,10.0,6331041,84,MARACANAU,MARACANAU,MARACANAU,UN-MTS,MEDIO,EM USO,1,1
A12F144552,6716580,0.18843901,13,0,12,0.328125,7,7,0,0.6357,11,9.0,9.0,6716580,84,MARACANAU,MARACANAU,MARACANAU,UN-MTS,ALTO,EM USO,1,1
A12F144553,6707858,0.1779513,13,0,4,0.12162162,7,7,0,0.6313,11,10.0,10.0,6707858,84,MARACANAU,MARACANAU,MARACANAU,UN-MTS,BASICO,EM USO,1,1
A12F144528,6331688,0.11123608,13,0,5,-0.051948052,7,7,0,0.6245,11,10.0,10.0,6331688,84,MARACANAU,MARACANAU,MARACANAU,UN-MTS,REGULAR,EM USO,1,1
A12F144670,8563683,0.17293593,13,0,2,-0.03125,7,7,0,0.621,11,9.0,9.0,8563683,84,MARACANAU,MARACANAU,MARACANAU,UN-MTS,BASICO,EM USO,1,1
A12F144799,6537553,0.077491105,13,0,4,-0.061728396,7,7,0,0.6357,11,10.0,10.0,6537553,84,MARACANAU,MARACANAU,MARACANAU,UN-MTS,BASICO,EM USO,1,1
A12F143866,7796781,0.14577608,13,0,5,-0.20348836,7,6,0,0.6177,11,19.0,19.0,7796781,84,MARACANAU,MARACANAU,MARACANAU,UN-MTS,REGULAR,EM USO,1,1
A12F180947,5941687,0.14918524,13,0,4,0.33027524,7,7,0,0.6514,11,17.0,17.0,5941687,84,MARACANAU,MARACANAU,MARACANAU,UN-MTS,REGULAR,EM USO,1,1
A12F182045,6633579,0.20722729,13,0,1,0.057471264,7,7,0,0.5884,11,10.0,10.0,6633579,84,MARACANAU,MARACANAU,MARACANAU,UN-MTS,BASICO,EM USO,1,1
A12F180910,5392764,0.31532243,13,0,6,-0.27659574,7,7,0,0.6094,11,10.0,10.0,5392764,84,MARACANAU,MARACANAU,MARACANAU,UN-MTS,BASICO,EM USO,1,1
A12F238128,7806108,0.100949466,13,0,4,-0.071428575,7,6,0,0.632,11,9.0,9.0,7806108,84,MARACANAU,MARACANAU,MARACANAU,UN-MTS,BASICO,EM USO,1,1
A12F182067,5390486,0.10783404,13,0,6,0.1,7,7,0,0.6284,11,9.0,9.0,5390486,84,MARACANAU,MARACANAU,MARACANAU,UN-MTS,REGULAR,EM USO,1,1
A12F182075,6636039,0.23368125,13,0,3,-0.23170732,7,7,0,0.6045,11,10.0,10.0,6636039,84,MARACANAU,MARACANAU,MARACANAU,UN-MTS,BASICO,EM USO,1,1
A12F181032,6534325,0.5807478,13,0,6,0.16071428,7,7,0,0.609,11,9.0,9.0,6534325,84,MARACANAU,MARACANAU,MARACANAU,UN-MTS,REGULAR,EM USO,1,1
A12F182189,6622704,0.22959551,13,0,1,0.3,7,7,0,0.6274,11,10.0,10.0,6622704,84,MARACANAU,MARACANAU,MARACANAU,UN-MTS,REGULAR,EM USO,1,1
A12F180915,61256803,0.122857004,13,0,4,0.04225352,7,7,0,0.623,11,9.0,9.0,61256803,84,MARACANAU,MARACANAU,MARACANAU,UN-MTS,REGULAR,EM USO,1,1
A12F222233,8143145,0.12339089,13,0,1,0.095744684,7,7,0,0.6064,11,13.0,13.0,8143145,84,MARACANAU,MARACANAU,MARACANAU,UN-MTS,VAGO,EM USO,1,1
A12F223785,10291768,0.1505401,13,0,5,-0.14084508,7,7,0,0.626,11,9.0,9.0,10291768,84,MARACANAU,MARACANAU,MARACANAU,UN-MTS,BASICO,EM USO,1,1
A12F222176,6612520,0.57189983,13,0,5,1.98,7,7,0,0.6094,11,14.0,14.0,6612520,84,MARACANAU,MARACANAU,MARACANAU,UN-MTS,BASICO,EM USO,1,1
A12F222950,7137702,0.11291429,13,0,5,-0.119205296,7,6,0,0.621,11,18.0,18.0,7137702,84,MARACANAU,MARACANAU,MARACANAU,UN-MTS,REGULAR,EM USO,1,1
A12F223270,9868097,0.21279705,13,0,1,0.03960396,7,7,0,0.5884,11,13.0,13.0,9868097,84,MARACANAU,MARACANAU,MARACANAU,UN-MTS,BASICO,EM USO,1,1
A12F223359,6580998,0.2352165,13,0,1,0.16129032,7,7,0,0.597,11,13.0,13.0,6580998,84,MARACANAU,MARACANAU,MARACANAU,UN-MTS,BASICO,EM USO,1,1
A12F288113,1829106,0.1393812,13,0,4,0.10526316,7,6,0,0.6235,11,10.0,10.0,1829106,84,MARACANAU,MARACANAU,MARACANAU,UN-MTS,REGULAR,EM USO,1,1
A12F222247,6707866,0.16281186,13,0,1,0.17821783,7,7,0,0.6123,11,14.0,14.0,6707866,84,MARACANAU,MARACANAU,MARACANAU,UN-MTS,REGULAR,EM USO,1,1
A12F222319,6305121,0.13308662,13,0,12,0.12698413,7,7,0,0.6226,11,9.0,9.0,6305121,84,MARACANAU,MARACANAU,MARACANAU,UN-MTS,MEDIO,EM USO,1,1
A12F222940,6581463,0.19854797,13,0,6,-0.23809524,7,7,0,0.6333,11,9.0,9.0,6581463,84,MARACANAU,MARACANAU,MARACANAU,UN-MTS,REGULAR,EM USO,1,1
A12F222974,5333970,0.4435382,13,0,3,0.8196721,7,7,0,0.616,11,13.0,13.0,5333970,84,MARACANAU,MARACANAU,MARACANAU,UN-MTS,BASICO,EM USO,1,1
A12F237925,6792316,0.21802385,13,0,1,0.097345136,7,7,0,0.596,11,14.0,14.0,6792316,84,MARACANAU,MARACANAU,MARACANAU,UN-MTS,BASICO,EM USO,1,1
A12F238227,7847491,0.09817917,13,0,9,-0.04,7,7,0,0.631,11,9.0,9.0,7847491,84,MARACANAU,MARACANAU,MARACANAU,UN-MTS,MEDIO,EM USO,1,1
A12F238472,7858892,0.1780526,13,0,3,-0.09638554,7,7,0,0.621,11,9.0,9.0,7858892,84,MARACANAU,MARACANAU,MARACANAU,UN-MTS,BASICO,EM USO,1,1
A12F238749,6803229,0.116299465,13,0,5,0.18461539,7,7,0,0.6367,11,9.0,9.0,6803229,84,MARACANAU,MARACANAU,MARACANAU,UN-MTS,REGULAR,EM USO,1,1
A12F238802,7846878,0.1563998,13,0,4,-0.012658228,7,7,0,0.613,11,10.0,10.0,7846878,84,MARACANAU,MARACANAU,MARACANAU,UN-MTS,REGULAR,EM USO,1,1
A12F238944,7748175,0.21070889,13,0,4,0.40983605,7,7,0,0.6245,11,9.0,9.0,7748175,84,MARACANAU,MARACANAU,MARACANAU,UN-MTS,BASICO,EM USO,1,1
A12F237346,7764642,0.68870044,13,3,5,0.359375,7,7,0,0.6675,11,9.0,9.0,7764642,84,MARACANAU,MARACANAU,MARACANAU,UN-MTS,REGULAR,EM USO,1,1
A12F237494,7859015,0.10366623,13,0,4,0.083333336,7,7,0,0.621,11,10.0,10.0,7859015,84,MARACANAU,MARACANAU,MARACANAU,UN-MTS,BASICO,EM USO,1,1
A12F237924,6792855,0.2905335,13,0,6,-0.3164557,7,7,0,0.616,11,9.0,9.0,6792855,84,MARACANAU,MARACANAU,MARACANAU,UN-MTS,REGULAR,EM USO,1,1
A12F238182,7805853,0.23415792,13,0,4,0.2195122,7,6,0,0.629,11,10.0,10.0,7805853,84,MARACANAU,MARACANAU,MARACANAU,UN-MTS,BASICO,EM USO,1,1
A12F288693,7773188,0.1838052,13,0,6,-0.034883723,7,6,0,0.6167,11,10.0,10.0,7773188,84,MARACANAU,MARACANAU,MARACANAU,UN-MTS,BASICO,EM USO,1,1
A12F237267,5377927,0.39082026,13,0,7,0.04819277,7,6,0,0.6104,11,9.0,9.0,5377927,84,MARACANAU,MARACANAU,MARACANAU,UN-MTS,REGULAR,EM USO,1,1
A12F237873,5361923,0.16495585,13,1,3,-0.17857143,7,7,0,0.628,11,9.0,9.0,5361923,84,MARACANAU,MARACANAU,MARACANAU,UN-MTS,BASICO,EM USO,1,1
A12F237919,6701361,0.20667471,13,0,5,-0.18518518,7,7,0,0.62,11,9.0,9.0,6701361,84,MARACANAU,MARACANAU,MARACANAU,UN-MTS,VAGO,EM USO,1,1
A12F296442,9103767,0.24463238,13,0,5,0.29411766,7,6,0,0.6396,11,10.0,10.0,9103767,84,MARACANAU,MARACANAU,MARACANAU,UN-MTS,BASICO,EM USO,1,1
A12F238536,7765860,0.119439855,13,0,6,0.12857144,7,7,0,0.6284,11,9.0,9.0,7765860,84,MARACANAU,MARACANAU,MARACANAU,UN-MTS,REGULAR,EM USO,1,1
A12F272803,6933378,0.13994393,13,0,3,-0.2195122,7,6,0,0.615,11,9.0,9.0,6933378,84,MARACANAU,MARACANAU,MARACANAU,UN-MTS,BASICO,EM USO,1,1
A12F273122,7896387,0.20875102,13,0,1,0.11111111,7,6,0,0.592,11,10.0,10.0,7896387,84,MARACANAU,MARACANAU,MARACANAU,UN-MTS,BASICO,EM USO,1,1
A12F273701,7809093,0.18741116,13,0,3,-0.27826086,7,6,0,0.6177,11,13.0,13.0,7809093,84,MARACANAU,MARACANAU,MARACANAU,UN-MTS,BASICO,EM USO,1,1
A12F273705,7813201,0.13846484,13,0,1,0.07692308,7,6,0,0.5884,11,9.0,9.0,7813201,84,MARACANAU,MARACANAU,MARACANAU,UN-MTS,REGULAR,EM USO,1,1
A12F273708,7948824,0.21872357,13,0,11,0.20289855,7,6,0,0.619,11,9.0,9.0,7948824,84,MARACANAU,MARACANAU,MARACANAU,UN-MTS,MEDIO,EM USO,1,1
A12F272656,7927746,0.1477685,13,0,6,-0.12195122,7,6,0,0.605,11,10.0,10.0,7927746,84,MARACANAU,MARACANAU,MARACANAU,UN-MTS,MEDIO,EM USO,1,1
A12F272820,7796226,0.22080679,13,0,8,-0.13953489,7,6,0,0.6265,11,10.0,10.0,7796226,84,MARACANAU,MARACANAU,MARACANAU,UN-MTS,REGULAR,EM USO,1,1
A12F289126,7819528,0.2601977,13,0,1,-0.15584415,7,6,0,0.5913,11,9.0,9.0,7819528,84,MARACANAU,MARACANAU,MARACANAU,UN-MTS,REGULAR,EM USO,1,1
A12F288174,7765665,0.12484675,13,0,6,-0.011904762,7,7,0,0.604,11,10.0,10.0,7765665,84,MARACANAU,MARACANAU,MARACANAU,UN-MTS,MEDIO,EM USO,1,1
A12F288465,7765762,0.15921265,13,0,8,0.013157895,7,7,0,0.611,11,9.0,9.0,7765762,84,MARACANAU,MARACANAU,MARACANAU,UN-MTS,MEDIO,EM USO,1,1
A12F354594,9081364,0.17017984,13,0,5,-0.084337346,7,6,0,0.63,11,10.0,10.0,9081364,84,MARACANAU,MARACANAU,MARACANAU,UN-MTS,BASICO,EM USO,1,1
A12F354752,7824122,0.15920262,13,0,4,0.12903225,7,6,0,0.6274,11,13.0,13.0,7824122,84,MARACANAU,MARACANAU,MARACANAU,UN-MTS,BASICO,EM USO,1,1
A12F355208,9079157,0.12616158,13,0,3,0.24175824,7,6,0,0.6406,11,13.0,13.0,9079157,84,MARACANAU,MARACANAU,MARACANAU,UN-MTS,BASICO,EM USO,1,1
A12F295561,6933432,0.12315302,13,0,3,-0.047244094,7,6,0,0.6226,11,15.0,15.0,6933432,84,MARACANAU,MARACANAU,MARACANAU,UN-MTS,BASICO,EM USO,1,1
A12F295858,9100814,0.09657213,13,0,5,0.03305785,7,6,0,0.6094,11,15.0,15.0,9100814,84,MARACANAU,MARACANAU,MARACANAU,UN-MTS,REGULAR,EM USO,1,1
A12F296149,9105360,0.6661989,13,1,5,2.0384614,7,6,0,0.635,11,9.0,9.0,9105360,84,MARACANAU,MARACANAU,MARACANAU,UN-MTS,REGULAR,EM USO,1,1
A12F296229,5336260,0.11916608,13,0,3,0.20618556,7,7,0,0.5903,11,14.0,14.0,5336260,84,MARACANAU,MARACANAU,MARACANAU,UN-MTS,REGULAR,EM USO,1,1
A12F296382,9059199,0.6357248,13,0,11,1.6538461,7,6,0,0.6035,11,9.0,9.0,9059199,84,MARACANAU,MARACANAU,MARACANAU,UN-MTS,MEDIO,EM USO,1,1
A12F296485,9059229,0.14134406,13,0,5,-0.103896104,7,6,0,0.613,11,9.0,9.0,9059229,84,MARACANAU,MARACANAU,MARACANAU,UN-MTS,BASICO,EM USO,1,1
A12F295859,9101748,0.5434706,13,2,5,-0.4,7,6,0,0.6045,11,10.0,10.0,9101748,84,MARACANAU,MARACANAU,MARACANAU,UN-MTS,BASICO,EM USO,1,1
A12F295869,9102760,0.248452,13,0,12,-0.3292683,7,6,0,0.638,11,10.0,10.0,9102760,84,MARACANAU,MARACANAU,MARACANAU,UN-MTS,MEDIO,EM USO,1,1
A12F296069,8999473,0.44256318,13,0,5,-0.1780822,7,6,0,0.5947,11,9.0,9.0,8999473,84,MARACANAU,MARACANAU,MARACANAU,UN-MTS,BASICO,EM USO,1,1
A12F296494,8279608,0.16150858,13,0,3,0.07042254,7,6,0,0.6143,11,9.0,9.0,8279608,84,MARACANAU,MARACANAU,MARACANAU,UN-MTS,BASICO,EM USO,1,1
A12F295665,7836830,0.12628965,13,0,8,-0.10666667,7,6,0,0.6294,11,9.0,9.0,7836830,84,MARACANAU,MARACANAU,MARACANAU,UN-MTS,BASICO,EM USO,1,1
A12F295584,10123113,0.26090932,13,0,2,-0.3529412,7,6,0,0.6006,11,9.0,9.0,10123113,84,MARACANAU,MARACANAU,MARACANAU,UN-MTS,REGULAR,EM USO,1,1
A12F295749,9101730,0.2754968,13,0,5,0.061728396,7,6,0,0.603,11,10.0,10.0,9101730,84,MARACANAU,MARACANAU,MARACANAU,UN-MTS,BASICO,EM USO,1,1
A12F288293,5881943,0.23028108,13,0,4,0.13043478,7,7,0,0.614,11,10.0,10.0,5881943,84,MARACANAU,MARACANAU,MARACANAU,UN-MTS,BASICO,EM USO,1,1
A12F288474,7765746,0.18562862,13,0,12,0.28787878,7,7,0,0.6323,11,9.0,9.0,7765746,84,MARACANAU,MARACANAU,MARACANAU,UN-MTS,MEDIO,EM USO,1,1
A12F295868,9105352,0.20519398,13,0,8,0.26086956,7,6,0,0.634,11,9.0,9.0,9105352,84,MARACANAU,MARACANAU,MARACANAU,UN-MTS,ALTO,EM USO,1,1
A12F369485,10093338,0.18278892,13,0,6,0.125,7,6,0,0.623,11,9.0,9.0,10093338,84,MARACANAU,MARACANAU,MARACANAU,UN-MTS,BASICO,EM USO,1,1
A12F370226,8993807,0.30925655,13,0,6,0.53125,7,6,0,0.6265,11,9.0,9.0,8993807,84,MARACANAU,MARACANAU,MARACANAU,UN-MTS,BASICO,EM USO,1,1
A12F349021,7916183,0.4609638,13,0,3,-0.556701,7,7,0,0.616,11,10.0,10.0,7916183,84,MARACANAU,MARACANAU,MARACANAU,UN-MTS,REGULAR,EM USO,1,1
A12F345271,7893833,0.11150197,13,0,4,0.108843535,7,4,0,0.558,11,19.0,19.0,7893833,84,MARACANAU,MARACANAU,MARACANAU,UN-MTS,REGULAR,EM USO,1,1
A12F348359,10289950,0.47258815,13,0,4,-0.14141414,7,7,0,0.6,11,13.0,13.0,10289950,84,MARACANAU,MARACANAU,MARACANAU,UN-MTS,BASICO,EM USO,1,1
A12F354649,9085955,0.63520706,13,1,13,0.5277778,7,6,0,0.65,11,9.0,9.0,9085955,84,MARACANAU,MARACANAU,MARACANAU,UN-MTS,MEDIO,EM USO,1,1
A12F354773,7819978,0.26235822,13,0,1,-0.23469388,7,6,0,0.5884,11,10.0,10.0,7819978,84,MARACANAU,MARACANAU,MARACANAU,UN-MTS,REGULAR,EM USO,1,1
A12F354816,7828055,0.18466392,13,0,7,-0.20454545,7,6,0,0.635,11,10.0,10.0,7828055,84,MARACANAU,MARACANAU,MARACANAU,UN-MTS,BASICO,EM USO,1,1
A12F355462,5880610,0.091905236,13,0,1,-0.023809524,7,6,0,0.5986,11,10.0,10.0,5880610,84,MARACANAU,MARACANAU,MARACANAU,UN-MTS,REGULAR,EM USO,1,1
A12F355668,9880836,0.57008773,13,1,1,-0.17460318,7,6,0,0.5938,11,9.0,9.0,9880836,84,MARACANAU,MARACANAU,MARACANAU,UN-MTS,BASICO,EM USO,1,1
A12F349204,10218980,0.20629123,13,0,6,0.49056605,7,7,0,0.622,11,9.0,9.0,10218980,84,MARACANAU,MARACANAU,MARACANAU,UN-MTS,REGULAR,EM USO,1,1
A12F349601,10217711,0.20799053,13,0,6,0.23529412,7,7,0,0.631,11,10.0,10.0,10217711,84,MARACANAU,MARACANAU,MARACANAU,UN-MTS,REGULAR,EM USO,1,1
A12F348519,9870270,0.11066508,13,0,6,0.20833333,7,7,0,0.6494,11,10.0,10.0,9870270,84,MARACANAU,MARACANAU,MARACANAU,UN-MTS,BASICO,EM USO,1,1
A12F354630,7915705,0.2630602,13,0,1,-0.4017857,7,6,0,0.607,11,10.0,10.0,7915705,84,MARACANAU,MARACANAU,MARACANAU,UN-MTS,REGULAR,EM USO,1,1
A12F354821,7962819,0.07986656,13,0,11,0.0,7,6,0,0.603,11,9.0,9.0,7962819,84,MARACANAU,MARACANAU,MARACANAU,UN-MTS,ALTO,EM USO,1,1
A12F355209,9079254,0.12903437,13,0,4,0.0,7,6,0,0.596,11,9.0,9.0,9079254,84,MARACANAU,MARACANAU,MARACANAU,UN-MTS,BASICO,EM USO,1,1
A12F355210,7917511,0.1,13,0,1,0.06410257,7,6,0,0.5903,11,10.0,10.0,7917511,84,MARACANAU,MARACANAU,MARACANAU,UN-MTS,BASICO,EM USO,1,1
A12F355900,9078843,0.19193105,13,0,3,-0.12676056,7,6,0,0.6167,11,9.0,9.0,9078843,84,MARACANAU,MARACANAU,MARACANAU,UN-MTS,REGULAR,EM USO,1,1
A12F354598,8990808,0.6364084,13,0,4,-0.6111111,7,6,0,0.591,11,10.0,10.0,8990808,84,MARACANAU,MARACANAU,MARACANAU,UN-MTS,MEDIO,EM USO,1,1
A12F348234,7137605,0.29137805,13,0,3,-0.3710692,7,7,0,0.6035,11,17.0,17.0,7137605,84,MARACANAU,MARACANAU,MARACANAU,UN-MTS,BASICO,EM USO,1,1
A12F349617,10165584,0.1240645,13,0,11,0.083333336,7,7,0,0.617,11,10.0,10.0,10165584,84,MARACANAU,MARACANAU,MARACANAU,UN-MTS,ALTO,EM USO,1,1
A13F140522,1842366,0.26172847,13,1,3,0.25,6,6,0,0.5835,11,9.0,9.0,1842366,84,MARACANAU,MARACANAU,MARACANAU,UN-MTS,BASICO,EM USO,1,1
A13F146119,6917780,0.26326808,13,0,7,0.14516129,6,6,0,0.5664,11,9.0,9.0,6917780,84,MARACANAU,MARACANAU,MARACANAU,UN-MTS,MEDIO,EM USO,1,1
A13F146515,5379199,0.09663892,13,0,6,0.14393939,6,6,0,0.554,11,18.0,18.0,5379199,84,MARACANAU,MARACANAU,MARACANAU,UN-MTS,REGULAR,EM USO,1,1
A13F146735,11199415,0.3385016,13,0,12,0.8356164,6,6,0,0.594,11,10.0,10.0,11199415,84,MARACANAU,MARACANAU,MARACANAU,UN-MTS,REGULAR,EM USO,1,1
A12F349211,10220895,0.075497925,13,0,6,0.029411765,7,7,0,0.611,11,9.0,9.0,10220895,84,MARACANAU,MARACANAU,MARACANAU,UN-MTS,REGULAR,EM USO,1,1
A12F366326,2861542,0.5399827,13,0,2,-0.1097561,7,6,0,0.5938,11,10.0,10.0,2861542,84,MARACANAU,MARACANAU,MARACANAU,UN-MTS,BASICO,EM USO,1,1
A12F367077,6748880,0.110205844,13,0,6,0.14736842,7,6,0,0.6147,11,14.0,14.0,6748880,84,MARACANAU,MARACANAU,MARACANAU,UN-MTS,BASICO,EM USO,1,1
A12F366544,898953,0.24902873,13,0,3,-0.20212767,7,6,0,0.599,11,10.0,10.0,898953,84,MARACANAU,MARACANAU,MARACANAU,UN-MTS,BASICO,EM USO,1,1
A12F366641,7524293,0.121155165,13,0,6,-0.033898305,7,6,0,0.6113,11,14.0,14.0,7524293,84,MARACANAU,MARACANAU,MARACANAU,UN-MTS,REGULAR,EM USO,1,1
A12F367242,6918760,0.21983926,13,0,4,0.33870968,7,6,0,0.633,11,10.0,10.0,6918760,84,MARACANAU,MARACANAU,MARACANAU,UN-MTS,REGULAR,EM USO,1,1
A12F367461,6943560,0.11123608,13,0,1,0.0,7,6,0,0.574,11,9.0,9.0,6943560,84,MARACANAU,MARACANAU,MARACANAU,UN-MTS,REGULAR,EM USO,1,1
A12F370241,8999660,0.54035443,13,1,8,-0.32824427,7,6,0,0.622,11,13.0,13.0,8999660,84,MARACANAU,MARACANAU,MARACANAU,UN-MTS,ALTO,EM USO,1,1
A12F366587,11043261,0.21616334,13,0,5,-0.1724138,7,6,0,0.6094,11,14.0,14.0,11043261,84,MARACANAU,MARACANAU,MARACANAU,UN-MTS,BASICO,EM USO,1,1
A12F370228,9087141,0.6489683,13,2,11,-0.7804878,7,6,0,0.606,11,13.0,13.0,9087141,84,MARACANAU,MARACANAU,MARACANAU,UN-MTS,MEDIO,EM USO,1,1
A12F366933,10448489,0.122857004,13,0,5,-0.103896104,7,6,0,0.614,11,9.0,9.0,10448489,84,MARACANAU,MARACANAU,MARACANAU,UN-MTS,ALTO,EM USO,1,1
A12F366955,6937888,0.59423715,13,1,3,3.090909,7,6,0,0.6465,11,9.0,9.0,6937888,84,MARACANAU,MARACANAU,MARACANAU,UN-MTS,BASICO,EM USO,1,1
A12F369668,5884187,0.472254,13,0,1,-0.6074074,7,6,0,0.5864,11,9.0,9.0,5884187,84,MARACANAU,MARACANAU,MARACANAU,UN-MTS,REGULAR,EM USO,1,1
A12F369782,8996369,0.5227437,13,0,8,-0.7125,7,6,0,0.6187,11,9.0,9.0,8996369,84,MARACANAU,MARACANAU,MARACANAU,UN-MTS,MEDIO,EM USO,1,1
A12F371101,9082530,0.11262173,13,0,5,0.037037037,7,6,0,0.609,11,10.0,10.0,9082530,84,MARACANAU,MARACANAU,MARACANAU,UN-MTS,REGULAR,EM USO,1,1
A13F203072,5384389,0.6517578,13,2,5,1.2391304,6,6,0,0.5757,11,10.0,10.0,5384389,84,MARACANAU,MARACANAU,MARACANAU,UN-MTS,REGULAR,EM USO,1,1
A13F203385,11565691,0.09050722,13,0,4,-0.02631579,6,6,0,0.5703,11,14.0,14.0,11565691,84,MARACANAU,MARACANAU,MARACANAU,UN-MTS,REGULAR,EM USO,1,1
A13F203675,11531690,0.13308662,13,0,7,-0.093333334,6,6,0,0.5786,11,9.0,9.0,11531690,84,MARACANAU,MARACANAU,MARACANAU,UN-MTS,MEDIO,EM USO,1,1
A13F140579,11067403,0.14344382,13,0,11,0.203125,6,6,0,0.591,11,9.0,9.0,11067403,84,MARACANAU,MARACANAU,MARACANAU,UN-MTS,MEDIO,EM USO,1,1
A13F139866,11005866,0.30157247,13,0,12,-0.04597701,6,6,0,0.6113,11,10.0,10.0,11005866,84,MARACANAU,MARACANAU,MARACANAU,UN-MTS,ALTO,EM USO,1,1
A13F139984,11147008,0.24365847,13,0,8,0.3478261,6,6,0,0.5825,11,13.0,13.0,11147008,84,MARACANAU,MARACANAU,MARACANAU,UN-MTS,ALTO,EM USO,1,1
A13F140088,11091460,0.280371,13,0,5,0.23076923,6,6,0,0.582,11,10.0,10.0,11091460,84,MARACANAU,MARACANAU,MARACANAU,UN-MTS,BASICO,EM USO,1,1
A13F140745,6930921,0.2587201,13,0,9,-0.26760563,6,6,0,0.58,11,15.0,15.0,6930921,84,MARACANAU,MARACANAU,MARACANAU,UN-MTS,ALTO,EM USO,1,1
A13F144958,11457392,0.14017746,13,1,5,0.27118644,6,6,0,0.5894,11,17.0,17.0,11457392,84,MARACANAU,MARACANAU,MARACANAU,UN-MTS,BASICO,EM USO,1,1
A13F144954,2715309,0.15021457,13,0,3,-0.11494253,6,6,0,0.562,11,10.0,10.0,2715309,84,MARACANAU,MARACANAU,MARACANAU,UN-MTS,REGULAR,EM USO,1,1
A13F145793,11507721,0.10852829,13,0,3,0.16129032,6,6,0,0.5635,11,13.0,13.0,11507721,84,MARACANAU,MARACANAU,MARACANAU,UN-MTS,BASICO,EM USO,1,1
A13F140564,10706330,0.073827125,13,0,3,-0.028571429,6,6,0,0.574,11,13.0,13.0,10706330,84,MARACANAU,MARACANAU,MARACANAU,UN-MTS,BASICO,EM USO,1,1
A13F140103,9109951,0.111517824,13,0,4,0.014492754,6,6,0,0.5684,11,9.0,9.0,9109951,84,MARACANAU,MARACANAU,MARACANAU,UN-MTS,BASICO,EM USO,1,1
A13F140475,9099689,0.3883904,13,0,1,0.6122449,6,6,0,0.604,11,10.0,10.0,9099689,84,MARACANAU,MARACANAU,MARACANAU,UN-MTS,BASICO,EM USO,1,1
A13F140761,5879876,0.32659864,13,0,15,0.36764705,6,6,0,0.596,11,10.0,10.0,5879876,84,MARACANAU,MARACANAU,MARACANAU,UN-MTS,REGULAR,EM USO,1,1
A13F146884,10428496,0.123311594,13,0,3,0.21487603,6,6,0,0.6,11,17.0,17.0,10428496,84,MARACANAU,MARACANAU,MARACANAU,UN-MTS,REGULAR,EM USO,1,1
A13F146032,11042109,0.18471235,13,0,3,-0.15,6,6,0,0.5664,11,10.0,10.0,11042109,84,MARACANAU,MARACANAU,MARACANAU,UN-MTS,BASICO,EM USO,1,1
A13F146366,8114668,0.11669281,13,0,6,0.14492753,6,6,0,0.559,11,9.0,9.0,8114668,84,MARACANAU,MARACANAU,MARACANAU,UN-MTS,REGULAR,EM USO,1,1
A13F146981,11324732,0.17435499,13,0,1,-0.042857144,6,6,0,0.5576,11,9.0,9.0,11324732,84,MARACANAU,MARACANAU,MARACANAU,UN-MTS,BASICO,EM USO,1,1
A13F145462,8114714,0.100949466,13,0,4,-0.04411765,6,6,0,0.5757,11,9.0,9.0,8114714,84,MARACANAU,MARACANAU,MARACANAU,UN-MTS,BASICO,EM USO,1,1
A13F145947,10155260,0.09657213,13,0,4,-0.016949153,6,6,0,0.562,11,14.0,14.0,10155260,84,MARACANAU,MARACANAU,MARACANAU,UN-MTS,REGULAR,EM USO,1,1
A13F146021,5380910,0.08375067,13,0,4,-0.083333336,6,6,0,0.584,11,10.0,10.0,5380910,84,MARACANAU,MARACANAU,MARACANAU,UN-MTS,REGULAR,EM USO,1,1
A13F221138,11731338,0.6411938,13,1,5,4.611111,6,5,0,0.5884,11,10.0,10.0,11731338,84,MARACANAU,MARACANAU,MARACANAU,UN-MTS,BASICO,EM USO,1,1
A13F140110,9108998,0.10040428,13,0,5,-0.04,6,6,0,0.568,11,9.0,9.0,9108998,84,MARACANAU,MARACANAU,MARACANAU,UN-MTS,REGULAR,EM USO,1,1
A13F140178,6611370,0.2018902,13,3,11,-0.012820513,6,6,0,0.583,11,9.0,9.0,6611370,84,MARACANAU,MARACANAU,MARACANAU,UN-MTS,MEDIO,EM USO,1,1
A13F140463,5373590,0.3868139,13,0,6,-0.5315315,6,6,0,0.5757,11,10.0,10.0,5373590,84,MARACANAU,MARACANAU,MARACANAU,UN-MTS,MEDIO,EM USO,1,1
A13F140496,9098933,0.14679591,13,0,6,0.13076924,6,6,0,0.565,11,17.0,17.0,9098933,84,MARACANAU,MARACANAU,MARACANAU,UN-MTS,BASICO,EM USO,1,1
A13F140662,6926070,0.45391005,13,0,5,0.6333333,6,6,0,0.568,11,9.0,9.0,6926070,84,MARACANAU,MARACANAU,MARACANAU,UN-MTS,REGULAR,EM USO,1,1
A13F146775,11227494,0.09824782,13,0,5,-0.088495575,6,6,0,0.5747,11,14.0,14.0,11227494,84,MARACANAU,MARACANAU,MARACANAU,UN-MTS,REGULAR,EM USO,1,1
A13F202918,11800348,0.11008385,13,0,13,-0.101265825,6,5,0,0.574,11,9.0,9.0,11800348,84,MARACANAU,MARACANAU,MARACANAU,UN-MTS,REGULAR,EM USO,1,1
A13F146990,11360291,0.39315835,13,0,6,-0.51111114,6,6,0,0.5757,11,9.0,9.0,11360291,84,MARACANAU,MARACANAU,MARACANAU,UN-MTS,REGULAR,EM USO,1,1
A13F203306,11704357,0.31624037,13,3,48,0.37931034,6,5,0,0.5737,11,9.0,9.0,11704357,84,MARACANAU,MARACANAU,MARACANAU,UN-MTS,BASICO,EM USO,1,1
A13F202776,11587717,0.5882898,13,1,5,-0.48979592,6,6,0,0.5537,11,13.0,13.0,11587717,84,MARACANAU,MARACANAU,MARACANAU,UN-MTS,BASICO,EM USO,1,1
A13F204534,8118086,0.22041975,13,0,1,0.27941176,6,6,0,0.569,11,9.0,9.0,8118086,84,MARACANAU,MARACANAU,MARACANAU,UN-MTS,REGULAR,EM USO,1,1
A13F203200,11582529,0.15350038,13,0,5,-0.013888889,6,6,0,0.5557,11,9.0,9.0,11582529,84,MARACANAU,MARACANAU,MARACANAU,UN-MTS,REGULAR,EM USO,1,1
A13F204190,2971704,0.11811144,13,0,4,-0.12048193,6,5,0,0.5537,11,9.0,9.0,2971704,84,MARACANAU,MARACANAU,MARACANAU,UN-MTS,BASICO,EM USO,1,1
A13F203225,11612266,0.13928343,13,0,6,0.25714287,6,5,0,0.554,11,10.0,10.0,11612266,84,MARACANAU,MARACANAU,MARACANAU,UN-MTS,BASICO,EM USO,1,1
A13F203616,11543876,0.18708287,13,0,10,0.08219178,6,6,0,0.573,11,9.0,9.0,11543876,84,MARACANAU,MARACANAU,MARACANAU,UN-MTS,MEDIO,EM USO,1,1
A13F202779,5368162,0.31298172,13,0,2,-0.5049505,6,6,0,0.5693,11,9.0,9.0,5368162,84,MARACANAU,MARACANAU,MARACANAU,UN-MTS,BASICO,EM USO,1,1
A13F202785,8698228,0.47122547,13,0,12,0.97979796,6,5,0,0.5815,11,18.0,18.0,8698228,84,MARACANAU,MARACANAU,MARACANAU,UN-MTS,REGULAR,EM USO,1,1
A13F203618,11537922,0.10366623,13,1,5,0.1369863,6,6,0,0.553,11,10.0,10.0,11537922,84,MARACANAU,MARACANAU,MARACANAU,UN-MTS,BASICO,EM USO,1,1
A13F221458,5331730,0.1399292,13,0,9,-0.1521739,6,5,0,0.563,11,15.0,15.0,5331730,84,MARACANAU,MARACANAU,MARACANAU,UN-MTS,REGULAR,EM USO,1,1
A13F220705,11078596,0.21776079,13,0,13,-0.10344828,6,5,0,0.5625,11,9.0,9.0,11078596,84,MARACANAU,MARACANAU,MARACANAU,UN-MTS,ALTO,EM USO,1,1
A13F221611,11765941,0.16463786,13,0,5,0.2278481,6,5,0,0.5605,11,10.0,10.0,11765941,84,MARACANAU,MARACANAU,MARACANAU,UN-MTS,BASICO,EM USO,1,1
A13F221973,5373280,0.11155427,13,0,4,-0.10169491,6,5,0,0.5596,11,14.0,14.0,5373280,84,MARACANAU,MARACANAU,MARACANAU,UN-MTS,BASICO,EM USO,1,1
A13F220938,9871535,0.13860506,13,0,4,-0.024096385,6,5,0,0.552,11,10.0,10.0,9871535,84,MARACANAU,MARACANAU,MARACANAU,UN-MTS,REGULAR,EM USO,1,1
A13F241896,9994068,0.18856181,13,0,12,-0.24817519,6,5,0,0.5894,11,14.0,14.0,9994068,84,MARACANAU,MARACANAU,MARACANAU,UN-MTS,ALTO,EM USO,1,1
A13F239269,5334845,0.110994436,13,0,4,-0.129771,6,5,0,0.5635,11,14.0,14.0,5334845,84,MARACANAU,MARACANAU,MARACANAU,UN-MTS,REGULAR,EM USO,1,1
A13F242440,11580690,0.16926642,13,0,7,0.24,6,5,0,0.5513,11,10.0,10.0,11580690,84,MARACANAU,MARACANAU,MARACANAU,UN-MTS,REGULAR,EM USO,1,1
A14F012538,10204083,0.121007465,13,0,4,0.101265825,5,5,0,0.556,11,10.0,10.0,10204083,84,MARACANAU,MARACANAU,MARACANAU,UN-MTS,BASICO,EM USO,1,1
A14F012675,10448632,0.18353157,13,0,4,0.12162162,5,5,0,0.5537,11,10.0,10.0,10448632,84,MARACANAU,MARACANAU,MARACANAU,UN-MTS,BASICO,EM USO,1,1
A14F014000,6930506,0.14671138,13,0,3,0.18691589,5,5,0,0.555,11,15.0,15.0,6930506,84,MARACANAU,MARACANAU,MARACANAU,UN-MTS,REGULAR,EM USO,1,1
A14F014360,2720213,0.07751558,13,0,5,-0.04587156,5,5,0,0.566,11,13.0,13.0,2720213,84,MARACANAU,MARACANAU,MARACANAU,UN-MTS,BASICO,EM USO,1,1
A13F266412,8512132,0.15936951,13,0,18,-0.13157895,6,4,0,0.5723,11,13.0,13.0,8512132,84,MARACANAU,MARACANAU,MARACANAU,UN-MTS,REGULAR,EM USO,1,1
A14F011946,5371627,0.16910191,13,0,4,-0.21311475,5,5,0,0.564,11,13.0,13.0,5371627,84,MARACANAU,MARACANAU,MARACANAU,UN-MTS,REGULAR,EM USO,1,1
A14F011948,7137966,0.14488819,13,1,4,0.10071942,5,5,0,0.5503,11,17.0,17.0,7137966,84,MARACANAU,MARACANAU,MARACANAU,UN-MTS,BASICO,EM USO,1,1
A14F012312,5387450,0.10052446,13,0,4,-0.060240965,5,5,0,0.5815,11,10.0,10.0,5387450,84,MARACANAU,MARACANAU,MARACANAU,UN-MTS,REGULAR,EM USO,1,1
A14F011947,6946755,0.1876196,13,0,4,0.36,5,5,0,0.5503,11,10.0,10.0,6946755,84,MARACANAU,MARACANAU,MARACANAU,UN-MTS,REGULAR,EM USO,1,1
A14F012540,6929028,0.14594701,13,0,4,-0.08064516,5,5,0,0.5654,11,15.0,15.0,6929028,84,MARACANAU,MARACANAU,MARACANAU,UN-MTS,BASICO,EM USO,1,1
A14F084740,5336589,0.18109593,13,0,3,-0.055555556,5,5,0,0.5674,11,9.0,9.0,5336589,84,MARACANAU,MARACANAU,MARACANAU,UN-MTS,BASICO,EM USO,1,1
A14F011950,5378109,0.116299465,13,0,3,0.10294118,5,5,0,0.555,11,9.0,9.0,5378109,84,MARACANAU,MARACANAU,MARACANAU,UN-MTS,BASICO,EM USO,1,1
A14F012163,10045791,0.11669281,13,0,8,-0.103896104,5,5,0,0.5566,11,9.0,9.0,10045791,84,MARACANAU,MARACANAU,MARACANAU,UN-MTS,BASICO,EM USO,1,1
A14F012537,2841878,0.2253936,13,9,3,-0.16923077,5,5,0,0.5557,11,10.0,10.0,2841878,84,MARACANAU,MARACANAU,MARACANAU,UN-MTS,BASICO,EM USO,1,1
A14F014770,8118442,0.22181386,13,0,3,0.28125,5,5,0,0.5503,11,10.0,10.0,8118442,84,MARACANAU,MARACANAU,MARACANAU,UN-MTS,REGULAR,EM USO,1,1
A14F011851,2867532,0.09404008,13,0,3,-0.13793103,5,5,0,0.5605,11,14.0,14.0,2867532,84,MARACANAU,MARACANAU,MARACANAU,UN-MTS,BASICO,EM USO,1,1
A14F011951,6612741,0.08293325,13,0,5,-0.023809524,5,5,0,0.5522,11,10.0,10.0,6612741,84,MARACANAU,MARACANAU,MARACANAU,UN-MTS,BASICO,EM USO,1,1
A14F012024,8110476,0.090721846,13,0,3,-0.15584415,5,5,0,0.556,11,9.0,9.0,8110476,84,MARACANAU,MARACANAU,MARACANAU,UN-MTS,BASICO,EM USO,1,1
A14F012372,6926002,0.1779513,13,0,6,0.24242425,5,5,0,0.559,11,10.0,10.0,6926002,84,MARACANAU,MARACANAU,MARACANAU,UN-MTS,REGULAR,EM USO,1,1
A14F012471,5389330,0.09050722,13,0,3,-0.023809524,5,5,0,0.5586,11,10.0,10.0,5389330,84,MARACANAU,MARACANAU,MARACANAU,UN-MTS,BASICO,EM USO,1,1
A14F012779,5372836,0.62081933,13,0,3,0.30645162,5,5,0,0.5557,11,10.0,10.0,5372836,84,MARACANAU,MARACANAU,MARACANAU,UN-MTS,BASICO,EM USO,1,1
A14F014264,5336392,0.0992683,13,0,4,0.12,5,5,0,0.56,11,14.0,14.0,5336392,84,MARACANAU,MARACANAU,MARACANAU,UN-MTS,BASICO,EM USO,1,1
A14F018306,2719045,0.18218124,13,0,4,-0.17948718,5,5,0,0.5605,11,9.0,9.0,2719045,84,MARACANAU,MARACANAU,MARACANAU,UN-MTS,REGULAR,EM USO,1,1
A14F012367,5371716,0.09885914,13,0,2,-0.027777778,5,5,0,0.562,11,13.0,13.0,5371716,84,MARACANAU,MARACANAU,MARACANAU,UN-MTS,BASICO,EM USO,1,1
A14F013046,7918283,0.12779681,13,0,2,0.23404256,5,5,0,0.5605,11,14.0,14.0,7918283,84,MARACANAU,MARACANAU,MARACANAU,UN-MTS,REGULAR,EM USO,1,1
A14F013430,6613950,0.1165733,13,0,5,-0.1375,5,5,0,0.565,11,9.0,9.0,6613950,84,MARACANAU,MARACANAU,MARACANAU,UN-MTS,REGULAR,EM USO,1,1
A14F014424,11814292,0.19495851,13,0,4,-0.225,5,5,0,0.5557,11,9.0,9.0,11814292,84,MARACANAU,MARACANAU,MARACANAU,UN-MTS,REGULAR,EM USO,1,1
A14F085427,6934790,0.09467906,13,0,12,-0.037037037,5,5,0,0.5757,11,10.0,10.0,6934790,84,MARACANAU,MARACANAU,MARACANAU,UN-MTS,REGULAR,EM USO,1,1
A14F014016,7523297,0.10856642,13,0,3,0.12857144,5,5,0,0.5503,11,10.0,10.0,7523297,84,MARACANAU,MARACANAU,MARACANAU,UN-MTS,REGULAR,EM USO,1,1
A14F011373,8041652,0.16832508,13,0,4,-0.12790698,5,5,0,0.5693,11,9.0,9.0,8041652,84,MARACANAU,MARACANAU,MARACANAU,UN-MTS,BASICO,EM USO,1,1
A14F012333,10037969,0.20315501,13,3,4,-0.24590164,5,5,0,0.554,11,14.0,14.0,10037969,84,MARACANAU,MARACANAU,MARACANAU,UN-MTS,REGULAR,EM USO,1,1
A14F014152,11952717,0.616116,13,0,5,3.1111112,5,5,0,0.555,11,9.0,9.0,11952717,84,MARACANAU,MARACANAU,MARACANAU,UN-MTS,BASICO,EM USO,1,1
A14F014270,7918720,0.16638866,13,0,3,-0.25609756,5,5,0,0.5557,11,9.0,9.0,7918720,84,MARACANAU,MARACANAU,MARACANAU,UN-MTS,REGULAR,EM USO,1,1
A14F085438,12247480,0.18663628,13,0,6,-0.1764706,5,5,0,0.557,11,10.0,10.0,12247480,84,MARACANAU,MARACANAU,MARACANAU,UN-MTS,BASICO,EM USO,1,1
A14F081950,7137907,0.4821704,13,0,1,0.14492753,5,5,0,0.5503,11,9.0,9.0,7137907,84,MARACANAU,MARACANAU,MARACANAU,UN-MTS,REGULAR,EM USO,1,1
A14F121060,9773495,0.13103709,13,0,8,0.22222222,5,5,0,0.5664,11,10.0,10.0,9773495,84,MARACANAU,MARACANAU,MARACANAU,UN-MTS,ALTO,EM USO,1,1
A14F120657,9976396,0.9312716,13,0,8,4.2727275,5,5,0,0.5513,11,9.0,9.0,9976396,84,MARACANAU,MARACANAU,MARACANAU,UN-MTS,REGULAR,EM USO,1,1
A14F120704,9791442,1.42182,13,0,12,6.0,5,5,0,0.574,11,10.0,12.0,9791442,84,MARACANAU,MARACANAU,MARACANAU,UN-MTS,ALTO,EM USO,1,1
A14F120359,9791736,0.17753448,13,0,2,0.20967741,5,5,0,0.58,11,9.0,9.0,9791736,84,MARACANAU,MARACANAU,MARACANAU,UN-MTS,BASICO,EM USO,1,1
A14F287604,9833226,0.17049643,13,0,5,0.26086956,5,5,0,0.574,11,9.0,9.0,9833226,84,MARACANAU,MARACANAU,MARACANAU,UN-MTS,REGULAR,EM USO,1,1
A14F208630,9777172,0.09774049,13,0,4,0.10810811,5,5,0,0.554,11,10.0,10.0,9777172,84,MARACANAU,MARACANAU,MARACANAU,UN-MTS,BASICO,EM USO,1,1
A14F209792,9774874,0.16655129,13,0,2,0.18478261,5,5,0,0.551,11,13.0,13.0,9774874,84,MARACANAU,MARACANAU,MARACANAU,UN-MTS,REGULAR,EM USO,1,1
A14F308745,9414924,0.1270059,13,0,6,-0.14285715,5,5,0,0.5557,11,9.0,9.0,9414924,84,MARACANAU,MARACANAU,MARACANAU,UN-MTS,REGULAR,EM USO,1,1
A14F209139,9794816,0.12184907,13,0,12,-0.112068966,5,5,0,0.575,11,14.0,14.0,9794816,84,MARACANAU,MARACANAU,MARACANAU,UN-MTS,ALTO,EM USO,1,1
A14F244667,10238891,0.11548782,13,0,1,-0.07042254,5,5,0,0.555,11,9.0,9.0,10238891,84,MARACANAU,MARACANAU,MARACANAU,UN-MTS,REGULAR,EM USO,1,1
A14F245174,10025030,0.21240427,13,1,4,0.2747253,5,5,0,0.5527,11,14.0,14.0,10025030,84,MARACANAU,MARACANAU,MARACANAU,UN-MTS,BASICO,EM USO,1,1
A14F287602,6928803,0.16362557,13,0,5,-0.02631579,5,5,0,0.5513,11,10.0,10.0,6928803,84,MARACANAU,MARACANAU,MARACANAU,UN-MTS,BASICO,EM USO,1,1
A14F288329,9908129,0.611777,13,3,5,-0.5777778,5,5,0,0.5547,11,10.0,10.0,9908129,84,MARACANAU,MARACANAU,MARACANAU,UN-MTS,REGULAR,EM USO,1,1
A14F287609,5383471,0.10237702,13,0,1,-0.065789476,5,5,0,0.557,11,10.0,10.0,5383471,84,MARACANAU,MARACANAU,MARACANAU,UN-MTS,BASICO,EM USO,1,1
A14F245337,5388783,0.3542566,13,0,11,-0.46363637,5,5,0,0.576,11,9.0,9.0,5388783,84,MARACANAU,MARACANAU,MARACANAU,UN-MTS,MEDIO,EM USO,1,1
A14F244419,5383137,0.12616158,13,0,6,0.19444445,5,5,0,0.5513,11,10.0,10.0,5383137,84,MARACANAU,MARACANAU,MARACANAU,UN-MTS,REGULAR,EM USO,1,1
A14F288086,9811516,0.07856742,13,0,8,-0.06666667,5,5,0,0.567,11,9.0,9.0,9811516,84,MARACANAU,MARACANAU,MARACANAU,UN-MTS,ALTO,EM USO,1,1
A14F292533,9839534,0.15558863,13,0,6,-0.036036037,5,5,0,0.5503,11,14.0,14.0,9839534,84,MARACANAU,MARACANAU,MARACANAU,UN-MTS,REGULAR,EM USO,1,1
A14F292752,9840079,0.16972503,13,0,12,-0.041666668,5,5,0,0.5874,11,9.0,9.0,9840079,84,MARACANAU,MARACANAU,MARACANAU,UN-MTS,MEDIO,EM USO,1,1
A14F288016,5881706,0.4989489,13,0,8,1.0454545,5,5,0,0.5596,11,9.0,9.0,5881706,84,MARACANAU,MARACANAU,MARACANAU,UN-MTS,MEDIO,EM USO,1,1
A14F288410,9901140,0.28614932,13,0,5,0.28070176,5,5,0,0.5586,11,9.0,9.0,9901140,84,MARACANAU,MARACANAU,MARACANAU,UN-MTS,REGULAR,EM USO,1,1
A14F308517,11189770,0.17283322,13,0,5,0.24675325,5,5,0,0.574,11,10.0,10.0,11189770,84,MARACANAU,MARACANAU,MARACANAU,UN-MTS,REGULAR,EM USO,1,1
A14F309639,9451650,0.870271,13,2,5,15.714286,5,5,0,0.609,11,10.0,7.0,9451650,84,MARACANAU,MARACANAU,MARACANAU,UN-MTS,BASICO,EM USO,1,1
A14F402827,6621058,0.12616158,13,0,5,0.19736843,5,5,0,0.556,11,10.0,10.0,6621058,84,MARACANAU,MARACANAU,MARACANAU,UN-MTS,REGULAR,EM USO,1,1
A14F403050,9873899,0.1574411,13,0,10,-0.251497,5,5,0,0.5806,11,18.0,18.0,9873899,84,MARACANAU,MARACANAU,MARACANAU,UN-MTS,REGULAR,EM USO,1,1
A14F403173,6929699,0.35009786,13,0,2,1.021978,5,5,0,0.5547,11,15.0,15.0,6929699,84,MARACANAU,MARACANAU,MARACANAU,UN-MTS,BASICO,EM USO,1,1
A14F403372,1842005,0.27602556,13,0,4,-0.39759037,5,5,0,0.5503,11,10.0,10.0,1842005,84,MARACANAU,MARACANAU,MARACANAU,UN-MTS,BASICO,EM USO,1,1
A14F406761,7855850,0.090192415,13,0,4,-0.07079646,5,5,0,0.5776,11,14.0,14.0,7855850,84,MARACANAU,MARACANAU,MARACANAU,UN-MTS,BASICO,EM USO,1,1
A14F407529,7345437,0.15046413,13,0,5,0.2173913,5,5,0,0.57,11,14.0,14.0,7345437,84,MARACANAU,MARACANAU,MARACANAU,UN-MTS,REGULAR,EM USO,1,1
A14F408772,5392748,0.3763863,13,3,6,-0.30588236,5,4,0,0.553,11,9.0,9.0,5392748,84,MARACANAU,MARACANAU,MARACANAU,UN-MTS,BASICO,EM USO,1,1
A14F409159,6928960,0.19311275,13,0,9,-0.15476191,5,4,0,0.551,11,9.0,9.0,6928960,84,MARACANAU,MARACANAU,MARACANAU,UN-MTS,BASICO,EM USO,1,1
A14F409304,10017801,0.17049643,13,0,12,-0.26666668,5,4,0,0.578,11,9.0,9.0,10017801,84,MARACANAU,MARACANAU,MARACANAU,UN-MTS,REGULAR,EM USO,1,1
A14F411866,5647487,0.073658764,13,0,6,-0.023529412,5,5,0,0.556,11,10.0,10.0,5647487,84,MARACANAU,MARACANAU,MARACANAU,UN-MTS,ALTO,EM USO,1,1
A14F309322,10511547,0.21230434,13,0,5,0.32374102,5,5,0,0.551,11,19.0,19.0,10511547,84,MARACANAU,MARACANAU,MARACANAU,UN-MTS,REGULAR,EM USO,1,1
A14F440585,6592511,0.38780135,13,2,9,-0.31088084,5,4,0,0.564,11,46.0,46.0,6592511,84,MARACANAU,MARACANAU,MARACANAU,UN-MTS,MEDIO,EM USO,1,1
A14F398704,9949330,0.10052446,13,0,4,0.0125,5,5,0,0.553,11,10.0,10.0,9949330,84,MARACANAU,MARACANAU,MARACANAU,UN-MTS,BASICO,EM USO,1,1
A14F402897,10478949,0.15811388,13,0,3,0.2361111,5,5,0,0.567,11,10.0,10.0,10478949,84,MARACANAU,MARACANAU,MARACANAU,UN-MTS,BASICO,EM USO,1,1
A14F402950,9868844,0.3220306,13,1,3,0.19626169,5,5,0,0.5596,11,17.0,17.0,9868844,84,MARACANAU,MARACANAU,MARACANAU,UN-MTS,REGULAR,EM USO,1,1
A14F402946,8574251,0.14687864,13,0,4,0.13636364,5,5,0,0.5557,11,9.0,9.0,8574251,84,MARACANAU,MARACANAU,MARACANAU,UN-MTS,BASICO,EM USO,1,1
A14F402974,1912909,0.17172538,13,0,6,-0.21052632,5,5,0,0.565,11,9.0,9.0,1912909,84,MARACANAU,MARACANAU,MARACANAU,UN-MTS,REGULAR,EM USO,1,1
A14F403564,10451293,0.08707415,13,0,3,-0.042735044,5,5,0,0.561,11,15.0,15.0,10451293,84,MARACANAU,MARACANAU,MARACANAU,UN-MTS,REGULAR,EM USO,1,1
A14F406763,2307790,0.17781846,13,0,4,-0.19736843,5,5,0,0.559,11,9.0,9.0,2307790,84,MARACANAU,MARACANAU,MARACANAU,UN-MTS,REGULAR,EM USO,1,1
A14F408706,2964171,0.1801062,13,0,10,-0.2247191,5,4,0,0.5674,11,10.0,10.0,2964171,84,MARACANAU,MARACANAU,MARACANAU,UN-MTS,REGULAR,EM USO,1,1
A14F403064,6923046,0.085293084,13,0,2,-0.0625,5,5,0,0.5664,11,14.0,14.0,6923046,84,MARACANAU,MARACANAU,MARACANAU,UN-MTS,REGULAR,EM USO,1,1
A14F403146,6929397,0.13001907,13,0,4,0.12096774,5,5,0,0.558,11,17.0,17.0,6929397,84,MARACANAU,MARACANAU,MARACANAU,UN-MTS,BASICO,EM USO,1,1
A14F407523,2306662,0.10735223,13,1,3,-0.033333335,5,5,0,0.559,11,14.0,14.0,2306662,84,MARACANAU,MARACANAU,MARACANAU,UN-MTS,BASICO,EM USO,1,1
A14F407070,10890858,0.37948054,13,1,8,-0.2857143,5,5,0,0.571,11,9.0,9.0,10890858,84,MARACANAU,MARACANAU,MARACANAU,UN-MTS,REGULAR,EM USO,1,1
A14F407085,10889710,0.14085254,13,0,8,0.2580645,5,5,0,0.5635,11,9.0,9.0,10889710,84,MARACANAU,MARACANAU,MARACANAU,UN-MTS,REGULAR,EM USO,1,1
A14F407206,5387485,0.13308662,13,0,7,-0.028169014,5,5,0,0.5513,11,9.0,9.0,5387485,84,MARACANAU,MARACANAU,MARACANAU,UN-MTS,REGULAR,EM USO,1,1
A14F455019,5374863,0.24707916,13,3,8,-0.25862068,5,4,0,0.561,11,19.0,19.0,5374863,84,MARACANAU,MARACANAU,MARACANAU,UN-MTS,MEDIO,EM USO,1,1
A14F406883,8563667,0.18257418,13,1,4,-0.12195122,5,5,0,0.557,11,10.0,10.0,8563667,84,MARACANAU,MARACANAU,MARACANAU,UN-MTS,REGULAR,EM USO,1,1
A14F414256,9754113,0.18938462,13,0,10,-0.21604939,5,5,0,0.583,11,17.0,17.0,9754113,84,MARACANAU,MARACANAU,MARACANAU,UN-MTS,ALTO,EM USO,1,1
A14F406931,5334861,0.6298868,13,0,1,0.98571426,5,5,0,0.5625,11,9.0,9.0,5334861,84,MARACANAU,MARACANAU,MARACANAU,UN-MTS,REGULAR,EM USO,1,1
A14F409164,10236643,0.10692204,13,0,4,-0.14285715,5,4,0,0.551,11,9.0,9.0,10236643,84,MARACANAU,MARACANAU,MARACANAU,UN-MTS,REGULAR,EM USO,1,1
A14F409681,9645640,0.1549176,13,0,5,0.051282052,5,4,0,0.5605,11,10.0,10.0,9645640,84,MARACANAU,MARACANAU,MARACANAU,UN-MTS,BASICO,EM USO,1,1
A14F408742,5383099,0.18386284,13,1,16,-0.04054054,5,4,0,0.5757,11,19.0,19.0,5383099,84,MARACANAU,MARACANAU,MARACANAU,UN-MTS,MEDIO,EM USO,1,1
A14F408745,6919626,0.09721402,13,0,7,-0.05882353,5,4,0,0.573,11,10.0,10.0,6919626,84,MARACANAU,MARACANAU,MARACANAU,UN-MTS,REGULAR,EM USO,1,1
A14F408786,10202633,0.17579281,13,0,9,-0.18103448,5,4,0,0.5522,11,14.0,14.0,10202633,84,MARACANAU,MARACANAU,MARACANAU,UN-MTS,REGULAR,EM USO,1,1
A14F409310,7345232,0.39892662,13,6,5,0.2857143,5,4,0,0.561,11,10.0,10.0,7345232,84,MARACANAU,MARACANAU,MARACANAU,UN-MTS,REGULAR,EM USO,1,1
A14F408740,5334748,0.5498244,13,0,20,-0.7068063,5,4,0,0.5713,11,15.0,15.0,5334748,84,MARACANAU,MARACANAU,MARACANAU,UN-MTS,REGULAR,EM USO,1,1
A14F409625,6928560,0.17990205,13,0,7,-0.26035503,5,4,0,0.5547,11,18.0,18.0,6928560,84,MARACANAU,MARACANAU,MARACANAU,UN-MTS,REGULAR,EM USO,1,1
A14F409685,9643915,0.5620515,13,0,5,2.548387,5,4,0,0.583,11,13.0,13.0,9643915,84,MARACANAU,MARACANAU,MARACANAU,UN-MTS,BASICO,EM USO,1,1
A14F403142,2536781,0.1570751,13,0,8,0.22857143,5,5,0,0.5654,11,20.0,20.0,2536781,84,MARACANAU,MARACANAU,MARACANAU,UN-MTS,REGULAR,EM USO,1,1
A14F403177,2715325,0.31430227,13,0,1,0.43103448,5,5,0,0.5664,11,9.0,9.0,2715325,84,MARACANAU,MARACANAU,MARACANAU,UN-MTS,REGULAR,EM USO,1,1
A14F403551,7078030,0.12698016,13,0,4,0.16428572,5,5,0,0.553,11,18.0,18.0,7078030,84,MARACANAU,MARACANAU,MARACANAU,UN-MTS,BASICO,EM USO,1,1
A14F414233,9722130,0.62878835,13,1,5,4.5,5,4,0,0.575,11,9.0,9.0,9722130,84,MARACANAU,MARACANAU,MARACANAU,UN-MTS,REGULAR,EM USO,1,1
A14F406754,674931,0.1412201,13,1,9,-0.077922076,5,5,0,0.573,11,10.0,10.0,674931,84,MARACANAU,MARACANAU,MARACANAU,UN-MTS,REGULAR,EM USO,1,1
A14F407081,10885870,0.23280144,13,0,8,-0.04,5,5,0,0.5513,11,13.0,13.0,10885870,84,MARACANAU,MARACANAU,MARACANAU,UN-MTS,REGULAR,EM USO,1,1
A14F407305,2590220,0.11432829,13,0,4,-0.067567565,5,5,0,0.573,11,9.0,9.0,2590220,84,MARACANAU,MARACANAU,MARACANAU,UN-MTS,BASICO,EM USO,1,1
A14F407525,2604396,0.09721402,13,0,4,0.13333334,5,5,0,0.551,11,20.0,20.0,2604396,84,MARACANAU,MARACANAU,MARACANAU,UN-MTS,BASICO,EM USO,1,1
A14F407528,6934889,0.106903784,13,0,6,-0.058139537,5,5,0,0.5635,11,10.0,10.0,6934889,84,MARACANAU,MARACANAU,MARACANAU,UN-MTS,REGULAR,EM USO,1,1
A14F403172,2846314,0.09267492,13,0,3,-0.027027028,5,5,0,0.561,11,9.0,9.0,2846314,84,MARACANAU,MARACANAU,MARACANAU,UN-MTS,BASICO,EM USO,1,1
A14F403560,6937918,0.17514595,13,0,3,-0.102564104,5,5,0,0.552,11,9.0,9.0,6937918,84,MARACANAU,MARACANAU,MARACANAU,UN-MTS,BASICO,EM USO,1,1
A14F407011,6634737,0.38806185,13,0,8,-0.2875,5,5,0,0.56,11,9.0,9.0,6634737,84,MARACANAU,MARACANAU,MARACANAU,UN-MTS,ALTO,EM USO,1,1
A14F407068,10893644,0.18702787,13,0,8,-0.13253012,5,5,0,0.574,11,9.0,9.0,10893644,84,MARACANAU,MARACANAU,MARACANAU,UN-MTS,REGULAR,EM USO,1,1
A14F407243,8040826,0.084467776,13,0,3,-0.0729927,5,5,0,0.564,11,17.0,17.0,8040826,84,MARACANAU,MARACANAU,MARACANAU,UN-MTS,REGULAR,EM USO,1,1
A14F407250,5388228,0.18616526,13,0,6,-0.08108108,5,5,0,0.559,11,9.0,9.0,5388228,84,MARACANAU,MARACANAU,MARACANAU,UN-MTS,REGULAR,EM USO,1,1
A14F407514,5387353,0.098126866,13,0,5,0.15873016,5,5,0,0.5557,11,18.0,18.0,5387353,84,MARACANAU,MARACANAU,MARACANAU,UN-MTS,BASICO,EM USO,1,1
A14F407540,10896724,0.74716604,13,3,8,14.6,5,5,0,0.5996,11,9.0,9.0,10896724,84,MARACANAU,MARACANAU,MARACANAU,UN-MTS,REGULAR,EM USO,1,1
A14F408891,5370213,0.16595308,13,0,7,-0.13414635,5,4,0,0.5547,11,9.0,9.0,5370213,84,MARACANAU,MARACANAU,MARACANAU,UN-MTS,BASICO,EM USO,1,1
A14F412241,5878969,0.35355756,13,1,10,-0.12162162,5,5,0,0.565,11,10.0,10.0,5878969,84,MARACANAU,MARACANAU,MARACANAU,UN-MTS,ALTO,EM USO,1,1
A14F440768,5770467,0.18145423,13,0,8,-0.21472393,5,4,0,0.559,11,19.0,19.0,5770467,84,MARACANAU,MARACANAU,MARACANAU,UN-MTS,BASICO,EM USO,1,1
A14F440832,8053952,0.17191717,13,0,4,-0.13636364,5,4,0,0.5547,11,9.0,9.0,8053952,84,MARACANAU,MARACANAU,MARACANAU,UN-MTS,REGULAR,EM USO,1,1
A14F440723,5380090,0.28817695,13,0,9,-0.39805827,5,4,0,0.557,11,10.0,10.0,5380090,84,MARACANAU,MARACANAU,MARACANAU,UN-MTS,REGULAR,EM USO,1,1
A14F440533,5770068,1.1220537,13,2,22,-0.50735295,5,4,0,0.5586,11,10.0,10.0,5770068,84,MARACANAU,MARACANAU,MARACANAU,UN-MTS,ALTO,EM USO,1,1
A14F440650,6933840,0.15929487,13,9,6,-0.53424656,5,4,0,0.556,11,9.0,9.0,6933840,84,MARACANAU,MARACANAU,MARACANAU,UN-MTS,REGULAR,EM USO,1,1
A14F440730,5383064,0.17621624,13,0,15,-0.083333336,5,4,0,0.5596,11,14.0,14.0,5383064,84,MARACANAU,MARACANAU,MARACANAU,UN-MTS,MEDIO,EM USO,1,1
A14F454692,10269207,0.17050572,13,0,4,-0.14457831,5,4,0,0.5547,11,9.0,9.0,10269207,84,MARACANAU,MARACANAU,MARACANAU,UN-MTS,BASICO,EM USO,1,1
A14F454813,5371040,0.25933266,13,2,7,-0.20987654,5,4,0,0.5527,11,9.0,9.0,5371040,84,MARACANAU,MARACANAU,MARACANAU,UN-MTS,REGULAR,EM USO,1,1
A14F441165,9061088,0.18955973,13,0,7,-0.21428572,5,4,0,0.553,11,13.0,13.0,9061088,84,MARACANAU,MARACANAU,MARACANAU,UN-MTS,REGULAR,EM USO,1,1
A14F454812,5383544,0.08778024,13,0,4,-0.0703125,5,4,0,0.551,11,15.0,15.0,5383544,84,MARACANAU,MARACANAU,MARACANAU,UN-MTS,BASICO,EM USO,1,1
A14F455465,9634487,0.19059366,13,0,5,0.3880597,5,4,0,0.5757,11,10.0,10.0,9634487,84,MARACANAU,MARACANAU,MARACANAU,UN-MTS,BASICO,EM USO,1,1
A15F042987,349429,0.4219654,13,1,15,0.5555556,4,4,0,0.5625,11,14.0,14.0,349429,84,MARACANAU,MARACANAU,MARACANAU,UN-MTS,ALTO,EM USO,1,1
A15F078630,433217,0.2866062,13,0,13,-0.36633664,4,4,0,0.575,11,10.0,10.0,433217,84,MARACANAU,MARACANAU,MARACANAU,UN-MTS,MEDIO,EM USO,1,1
A15F080288,6938973,0.5806238,13,0,1,2.8636363,4,4,0,0.561,11,9.0,9.0,6938973,84,MARACANAU,MARACANAU,MARACANAU,UN-MTS,REGULAR,EM USO,1,1
A15F128121,9472932,0.2751915,13,0,15,-0.3516949,4,4,0,0.557,11,20.0,20.0,9472932,84,MARACANAU,MARACANAU,MARACANAU,UN-MTS,ALTO,EM USO,1,1
A15F127377,13373102,0.16837004,26,0,5,-0.13793103,4,4,0,0.594,11,10.0,10.0,13373102,84,MARACANAU,MARACANAU,MARACANAU,UN-MTS,BASICO,EM USO,1,1
A15F140169,517208,1.4406348,13,1,5,2.5454545,4,4,0,0.5625,11,9.0,9.0,517208,84,MARACANAU,MARACANAU,MARACANAU,UN-MTS,BASICO,EM USO,1,1
A15F212834,11996080,0.40947664,13,0,15,-0.55421686,4,4,0,0.573,11,9.0,9.0,11996080,84,MARACANAU,MARACANAU,MARACANAU,UN-MTS,REGULAR,EM USO,1,1
A15F260311,7919638,0.5299118,13,1,12,-0.13333334,4,4,0,0.575,11,9.0,9.0,7919638,84,MARACANAU,MARACANAU,MARACANAU,UN-MTS,REGULAR,EM USO,1,1
A15F247371,8520747,0.58356005,13,2,8,3.4545455,4,4,0,0.558,11,10.0,10.0,8520747,84,MARACANAU,MARACANAU,MARACANAU,UN-MTS,REGULAR,EM USO,1,1
A15F260637,8509786,0.13380991,13,0,12,-0.102564104,4,4,0,0.5513,11,9.0,9.0,8509786,84,MARACANAU,MARACANAU,MARACANAU,UN-MTS,REGULAR,EM USO,1,1
A98L622234,1834380,0.5296409,13,1,4,1.8666667,21,10,0,0.62,11,10.0,10.0,1834380,84,MARACANAU,MARACANAU,MARACANAU,UN-MTS,BASICO,EM USO,1,1
A98L719669,10024212,0.31936482,13,2,5,0.26229507,21,10,0,0.654,11,9.0,9.0,10024212,84,MARACANAU,MARACANAU,MARACANAU,UN-MTS,BASICO,EM USO,1,1
A98L719819,7864264,0.17990994,13,0,10,-0.06097561,21,10,0,0.6304,11,10.0,10.0,7864264,84,MARACANAU,MARACANAU,MARACANAU,UN-MTS,BASICO,EM USO,1,1
A98L620088,7917309,0.33233902,13,0,3,-0.19266056,21,10,0,0.5728,11,13.0,13.0,7917309,84,MARACANAU,MARACANAU,MARACANAU,UN-MTS,REGULAR,EM USO,1,1
A98L719821,6918921,0.24119312,13,0,4,-0.029850746,21,10,0,0.591,11,9.0,9.0,6918921,84,MARACANAU,MARACANAU,MARACANAU,UN-MTS,BASICO,EM USO,1,1
